Time,V1,V2,V3,V4,V5
10.0000,2.4873,1.0490,3.4093,8.6502,-2.4232
10.0500,3.5108,2.2832,4.0464,7.8964,-2.1931
10.1000,4.1666,3.7791,4.7456,6.8123,-1.8866
10.1500,4.4836,5.4255,5.2821,5.3070,-1.6077
10.2000,4.5246,7.0599,5.3571,3.4137,-1.3198
10.2500,4.3996,8.4636,4.6880,1.4224,-0.9423
10.3000,4.2834,9.4393,3.1935,-0.1486,-0.5056
10.3500,4.3073,9.8903,1.1267,-0.8165,-0.1553
10.4000,4.4727,9.8108,-0.9880,-0.4087,0.0987
10.4500,4.7750,9.2343,-2.6227,0.8390,0.5478
10.5000,5.2694,8.1564,-3.5549,2.3684,1.5622
10.5500,5.8840,6.4730,-3.9150,3.5582,3.2580
10.6000,6.2747,4.0804,-3.9256,3.9698,5.3755
10.6500,5.9798,1.1828,-3.6515,3.4702,7.3548
10.7000,4.8229,-1.5331,-3.0541,2.3313,8.6562
10.7500,3.1194,-3.3321,-2.2364,1.1273,9.1889
10.8000,1.3612,-3.9845,-1.4564,0.3045,9.2723
10.8500,-0.1160,-3.7001,-0.8990,-0.0616,9.2205
10.9000,-1.1470,-2.8043,-0.5533,-0.1029,9.1611
10.9500,-1.6706,-1.6010,-0.2858,0.0596,9.1057
11.0000,-1.7193,-0.3557,0.0287,0.3794,9.0351
11.0500,-1.4171,0.7312,0.4408,0.8467,8.9310
11.1000,-0.9447,1.5593,0.9428,1.4513,8.7813
11.1500,-0.4833,2.1310,1.5163,2.1765,8.5727
11.2000,-0.1712,2.5180,2.1634,3.0042,8.2731
11.2500,-0.0800,2.8143,2.9131,3.9106,7.8129
11.3000,-0.2043,3.0919,3.8121,4.8445,7.0745
11.3500,-0.4558,3.3637,4.9019,5.6909,5.9108
11.4000,-0.6691,3.5753,6.1693,6.2319,4.2228
11.4500,-0.6551,3.6687,7.4890,6.1556,2.1102
11.5000,-0.3438,3.7049,8.6398,5.1820,-0.0129
11.5500,0.0721,3.8562,9.4183,3.2690,-1.5430
11.6000,0.2719,4.1705,9.7019,0.7431,-2.0048
11.6500,0.2453,4.5032,9.4438,-1.7504,-1.2694
11.7000,0.4567,4.8154,8.6786,-3.5679,0.3507
11.7500,1.4043,5.2452,7.4276,-4.4855,2.1613
11.8000,3.1508,5.7590,5.6035,-4.7268,3.4247
11.8500,5.2766,6.0012,3.1470,-4.5951,3.6950
11.9000,7.1091,5.5794,0.3417,-4.1856,2.9408
11.9500,8.1517,4.4745,-2.1384,-3.4571,1.5714
12.0000,8.4443,3.0595,-3.7288,-2.4716,0.2430
12.0500,8.3848,1.6978,-4.3566,-1.4446,-0.5674
12.1000,8.2949,0.5253,-4.2545,-0.6003,-0.7672
12.1500,8.2687,-0.4507,-3.6663,-0.0443,-0.5179
12.2000,8.2672,-1.2258,-2.7571,0.2623,-0.0327
12.2500,8.2292,-1.7673,-1.6480,0.4537,0.5427
12.3000,8.1135,-2.0491,-0.4604,0.6836,1.1576
12.3500,7.8931,-2.0921,0.6805,1.0652,1.8202
12.4000,7.5370,-1.9712,1.6733,1.6522,2.5461
12.4500,6.9967,-1.7855,2.4634,2.4543,3.3242
12.5000,6.2014,-1.6136,3.0387,3.4580,4.0994
12.5500,5.0760,-1.4770,3.4044,4.6271,4.7596
12.6000,3.5989,-1.3272,3.5685,5.8826,5.1285
12.6500,1.8906,-1.0787,3.5654,7.0895,4.9966
12.7000,0.2564,-0.6981,3.4985,8.0907,4.2129
12.7500,-0.9107,-0.2798,3.5126,8.7724,2.7926
12.8000,-1.3123,0.0230,3.6762,9.0833,0.9622
12.8500,-0.8653,0.2023,3.9451,9.0087,-0.8906
12.9000,0.2582,0.4946,4.2866,8.5548,-2.3714
12.9500,1.6621,1.2152,4.7464,7.7137,-3.2800
13.0000,2.8722,2.5121,5.3179,6.4143,-3.6765
13.0500,3.5139,4.2590,5.8040,4.5557,-3.7360
13.1000,3.4142,6.0832,5.8602,2.1825,-3.5519
13.1500,2.6736,7.5249,5.2268,-0.3191,-3.0988
13.2000,1.6784,8.3393,3.9664,-2.3406,-2.3916
13.2500,0.8730,8.6445,2.4020,-3.4743,-1.6045
13.3000,0.4617,8.7053,0.8579,-3.7001,-0.9625
13.3500,0.3872,8.6893,-0.4510,-3.2108,-0.5622
13.4000,0.5144,8.6439,-1.3878,-2.2395,-0.3279
13.4500,0.7685,8.5669,-1.8826,-1.0196,-0.1021
13.5000,1.1444,8.4458,-1.9544,0.2243,0.2407
13.5500,1.6540,8.2653,-1.7130,1.3160,0.7457
13.6000,2.2915,8.0039,-1.3185,2.1680,1.4006
13.6500,3.0306,7.6268,-0.9254,2.7828,2.1824
13.7000,3.8270,7.0748,-0.6388,3.2168,3.0843
13.7500,4.6051,6.2629,-0.4903,3.5348,4.1136
13.8000,5.2323,5.1053,-0.4307,3.7759,5.2679
13.8500,5.5015,3.5885,-0.3466,3.9535,6.4968
13.9000,5.1640,1.8718,-0.1244,4.1004,7.6775
13.9500,4.0419,0.3219,0.2392,4.3123,8.6365
14.0000,2.1766,-0.6144,0.5950,4.6856,9.1986
14.0500,-0.0862,-0.6322,0.8223,5.1964,9.2140
14.1000,-2.1936,0.2438,1.0998,5.7541,8.5816
14.1500,-3.6997,1.5712,1.8471,6.3451,7.2397
14.2000,-4.4966,2.6264,3.2892,6.9081,5.1089
14.2500,-4.6571,2.7715,5.1113,7.1247,2.2047
14.3000,-4.1610,1.8723,6.5860,6.6282,-1.0241
14.3500,-2.9785,0.5213,7.2304,5.4477,-3.7272
14.4000,-1.3859,-0.3750,7.2799,3.9256,-5.3338
14.4500,0.0508,-0.3573,7.2344,2.2696,-5.8842
14.5000,0.8421,0.3782,7.2629,0.4986,-5.6675
14.5500,0.8699,1.3096,7.2362,-1.3184,-4.8707
14.6000,0.4312,2.0095,7.0367,-2.9361,-3.5570
14.6500,0.0453,2.4035,6.6736,-4.0598,-1.8403
14.7000,0.1333,2.6900,6.1907,-4.5597,0.0002
14.7500,0.8256,3.0496,5.5779,-4.5304,1.6105
14.8000,2.0047,3.4827,4.7767,-4.1853,2.7363
14.8500,3.4387,3.8536,3.7343,-3.7203,3.2977
14.9000,4.8791,3.9968,2.4676,-3.2374,3.3521
14.9500,6.1180,3.7996,1.1058,-2.7505,3.0370
15.0000,7.0351,3.2506,-0.1334,-2.2434,2.5349
15.0500,7.6220,2.4411,-1.0384,-1.7272,2.0330
15.1000,7.9518,1.5163,-1.4940,-1.2447,1.6681
15.1500,8.1143,0.6177,-1.4992,-0.8318,1.4961
15.2000,8.1718,-0.1467,-1.1303,-0.4830,1.5110
15.2500,8.1524,-0.7121,-0.4997,-0.1497,1.6877
15.3000,8.0596,-1.0613,0.2708,0.2340,2.0090
15.3500,7.8785,-1.2238,1.0707,0.7264,2.4671
15.4000,7.5759,-1.2640,1.8174,1.3669,3.0516
15.4500,7.0945,-1.2558,2.4628,2.1804,3.7359
15.5000,6.3512,-1.2531,2.9819,3.1802,4.4607
15.5500,5.2534,-1.2610,3.3536,4.3568,5.1118
15.6000,3.7569,-1.2217,3.5518,5.6495,5.5029
15.6500,1.9665,-1.0419,3.5792,6.9240,5.3973
15.7000,0.1989,-0.6838,3.5246,8.0046,4.6045
15.7500,-1.1092,-0.2587,3.5432,8.7549,3.1088
15.8000,-1.6094,0.0359,3.7143,9.1101,1.1351
15.8500,-1.1848,0.1598,3.9779,9.0520,-0.8921
15.9000,-0.0020,0.3686,4.2846,8.5955,-2.5175
15.9500,1.5120,1.0276,4.6960,7.7512,-3.4983
16.0000,2.8309,2.3119,5.2339,6.4619,-3.8987
16.0500,3.5445,4.0869,5.7119,4.6267,-3.9304
16.1000,3.4715,5.9582,5.7820,2.2782,-3.7238
16.1500,2.7139,7.4450,5.1794,-0.2147,-3.2687
16.2000,1.6610,8.2843,3.9652,-2.2520,-2.5666
16.2500,0.7741,8.5898,2.4652,-3.4236,-1.7647
16.3000,0.2903,8.6404,0.9980,-3.7079,-1.0737
16.3500,0.1792,8.6218,-0.2431,-3.2998,-0.6051
16.4000,0.3074,8.5877,-1.1500,-2.4269,-0.3171
16.4500,0.5803,8.5318,-1.6673,-1.3020,-0.0794
16.5000,0.9706,8.4366,-1.8054,-0.1232,0.2301
16.5500,1.4820,8.2847,-1.6488,0.9480,0.6729
16.6000,2.1130,8.0560,-1.3319,1.8199,1.2567
16.6500,2.8460,7.7184,-0.9947,2.4782,1.9709
16.7000,3.6461,7.2170,-0.7421,2.9620,2.8133
16.7500,4.4505,6.4685,-0.6163,3.3249,3.7936
16.8000,5.1434,5.3789,-0.5847,3.5998,4.9154
16.8500,5.5342,3.9059,-0.5455,3.7908,6.1401
16.9000,5.3758,2.1618,-0.3759,3.9120,7.3561
16.9500,4.4616,0.4762,-0.0380,4.0452,8.3943
17.0000,2.7719,-0.6966,0.3404,4.3100,9.0856
17.0500,0.5762,-0.9939,0.5830,4.7270,9.2949
17.1000,-1.6091,-0.3318,0.7546,5.2058,8.9333
17.1500,-3.2808,0.9876,1.2369,5.7184,7.9617
17.2000,-4.2479,2.3337,2.3874,6.2866,6.3247
17.2500,-4.6079,3.0287,4.1463,6.7313,3.9433
17.3000,-4.4483,2.6908,5.9620,6.6554,0.9605
17.3500,-3.7209,1.5102,7.1580,5.8349,-2.0030
17.4000,-2.4735,0.2239,7.5510,4.4845,-4.1831
17.4500,-1.0492,-0.4472,7.5322,2.9457,-5.2839
17.5000,0.0780,-0.3120,7.4980,1.3591,-5.4764
17.5500,0.6117,0.3423,7.5167,-0.2511,-5.0122
17.6000,0.5890,1.0903,7.4763,-1.7828,-4.0299
17.6500,0.3336,1.6711,7.3013,-3.0201,-2.6168
17.7000,0.2514,2.0953,6.9923,-3.7672,-0.9426
17.7500,0.6054,2.5106,6.5574,-3.9872,0.7151
17.8000,1.4357,3.0047,5.9672,-3.8072,2.0828
17.8500,2.6265,3.5340,5.1651,-3.4194,3.0051
17.9000,3.9998,3.9664,4.1063,-2.9747,3.4622
17.9500,5.3688,4.1436,2.8120,-2.5338,3.5235
18.0000,6.5666,3.9388,1.4153,-2.0862,3.3089
18.0500,7.4820,3.3120,0.1497,-1.6147,2.9735
18.1000,8.0883,2.3377,-0.7414,-1.1477,2.6743
18.1500,8.4243,1.1798,-1.1068,-0.7418,2.5128
18.2000,8.5457,0.0367,-0.9265,-0.4131,2.5140
18.2500,8.4922,-0.9138,-0.2935,-0.0947,2.6660
18.3000,8.2786,-1.5658,0.6225,0.3340,2.9672
18.3500,7.8897,-1.9130,1.6225,0.9834,3.4265
18.4000,7.2731,-2.0328,2.5314,1.9112,4.0270
18.4500,6.3405,-2.0294,3.2290,3.1165,4.6914
18.5000,5.0003,-1.9649,3.6461,4.5377,5.2592
18.5500,3.2450,-1.8195,3.7539,6.0360,5.4898
18.6000,1.2722,-1.5262,3.5956,7.4018,5.1291
18.6500,-0.4972,-1.0872,3.3279,8.4383,4.0526
18.7000,-1.6089,-0.6494,3.1441,9.0636,2.3784
18.7500,-1.8074,-0.3782,3.1152,9.3016,0.4477
18.8000,-1.1130,-0.2329,3.1931,9.2126,-1.2987
18.8500,0.2051,0.0525,3.3726,8.8576,-2.5055
18.9000,1.7202,0.7477,3.7266,8.2622,-3.0680
18.9500,3.0247,1.9412,4.2717,7.3824,-3.1355
19.0000,3.8746,3.5402,4.8757,6.1187,-2.9523
19.0500,4.1965,5.3356,5.2749,4.3994,-2.6824
19.1000,4.0377,7.0433,5.1585,2.3298,-2.3452
19.1500,3.5634,8.3823,4.3289,0.2936,-1.9051
19.2000,3.0272,9.2161,2.8625,-1.1887,-1.4189
19.2500,2.6228,9.5971,1.1003,-1.7692,-1.0258
19.3000,2.3951,9.6598,-0.5206,-1.4247,-0.7656
19.3500,2.3384,9.5216,-1.6513,-0.3969,-0.4952
19.4000,2.4872,9.2508,-2.1572,0.9346,-0.0209
19.4500,2.8755,8.8609,-2.1363,2.2075,0.7486
19.5000,3.4776,8.3162,-1.8216,3.2057,1.7918
19.5500,4.2051,7.5419,-1.4458,3.8829,3.0483
19.6000,4.9136,6.4382,-1.1424,4.2914,4.4639
19.6500,5.3854,4.9339,-0.9100,4.4997,5.9714
19.7000,5.3322,3.1006,-0.6475,4.5707,7.4441
19.7500,4.4920,1.2611,-0.2738,4.6069,8.6898
19.8000,2.8109,-0.0725,0.1443,4.7509,9.5123
19.8500,0.5792,-0.4615,0.4678,5.0657,9.7679
19.9000,-1.6356,0.1931,0.7823,5.5019,9.3739
19.9500,-3.3051,1.5266,1.4847,6.0427,8.2835
20.0000,-4.2553,2.8167,2.9120,6.6621,6.4095
20.0500,-4.5891,3.3247,4.9158,7.0683,3.6654
20.1000,-4.3504,2.6949,6.8082,6.7755,0.3191
20.1500,-3.4740,1.2803,7.8813,5.6246,-2.7820
20.2000,-2.1086,-0.0190,8.1182,3.9764,-4.8144
20.2500,-0.7270,-0.5325,8.0418,2.2157,-5.6277
20.3000,0.1882,-0.2590,8.0031,0.4709,-5.5049
20.3500,0.4674,0.3856,7.9958,-1.1938,-4.7067
20.4000,0.3204,1.0000,7.9118,-2.6029,-3.3738
20.4500,0.1661,1.4565,7.7124,-3.5265,-1.6648
20.5000,0.3569,1.8651,7.4046,-3.8542,0.1452
20.5500,1.0134,2.3561,6.9765,-3.6727,1.7422
20.6000,2.0605,2.9429,6.3848,-3.1933,2.9211
20.6500,3.3468,3.5333,5.5748,-2.6259,3.6418
20.7000,4.7213,3.9841,4.5138,-2.0925,3.9769
20.7500,6.0475,4.1351,3.2372,-1.6121,4.0417
20.8000,7.2004,3.8464,1.8927,-1.1471,3.9644
20.8500,8.0806,3.0585,0.7314,-0.6776,3.8815
20.9000,8.6303,1.8432,0.0199,-0.2356,3.9076
20.9500,8.8241,0.4051,-0.0748,0.1540,4.0921
21.0000,8.6436,-0.9817,0.4426,0.5715,4.4309
21.0500,8.0549,-2.0865,1.3807,1.2113,4.9174
21.1000,6.9818,-2.8172,2.4072,2.2644,5.5282
21.1500,5.3096,-3.2031,3.1497,3.7682,6.1257
21.2000,3.0054,-3.2737,3.3139,5.5104,6.4049
21.2500,0.3460,-2.9802,2.8298,7.0680,6.0224
21.3000,-2.0432,-2.3104,1.9794,8.0809,4.8765
21.3500,-3.5830,-1.4624,1.2459,8.5433,3.1999
21.4000,-4.0962,-0.7700,0.9107,8.6907,1.3424
21.4500,-3.7100,-0.4254,0.9056,8.7009,-0.3946
21.5000,-2.6453,-0.3358,1.0371,8.6305,-1.7557
21.5500,-1.1715,-0.2363,1.2237,8.4941,-2.5547
21.6000,0.3943,0.0940,1.5116,8.2968,-2.7513
21.6500,1.7688,0.7171,1.9563,8.0276,-2.4709
21.7000,2.7999,1.5767,2.5523,7.6590,-1.9328
21.7500,3.4828,2.5909,3.2433,7.1500,-1.3490
21.8000,3.9017,3.7041,3.9461,6.4459,-0.8554
21.8500,4.1593,4.8842,4.5455,5.4895,-0.4870
21.9000,4.3397,6.0897,4.8781,4.2626,-0.1892
21.9500,4.5167,7.2378,4.7411,2.8559,0.1336
22.0000,4.7802,8.1954,3.9582,1.5161,0.5362
22.0500,5.2187,8.7935,2.4940,0.5922,0.9766
22.1000,5.8454,8.8431,0.5534,0.3736,1.3978
22.1500,6.5862,8.1565,-1.4350,0.8932,1.9154
22.2000,7.3389,6.5734,-3.0184,1.7923,2.8256
22.2500,7.9018,4.0073,-3.9193,2.3993,4.2564
22.3000,7.8906,0.6738,-3.9819,2.1421,5.8136
22.3500,7.0414,-2.6437,-3.0967,1.1330,6.8336
22.4000,5.5138,-5.0151,-1.4689,0.2454,7.1685
22.4500,3.5800,-6.1315,0.2027,0.2586,7.2503
22.5000,1.3380,-6.2382,1.1372,1.1381,7.3299
22.5500,-1.0735,-5.5803,1.0223,2.2258,7.2662
22.6000,-3.2570,-4.2140,0.2139,2.8915,6.9345
22.6500,-4.7535,-2.2477,-0.5199,3.0537,6.4167
22.7000,-5.3913,-0.0611,-0.5555,3.0794,5.8170
22.7500,-5.3357,1.8334,0.2542,3.2639,5.1231
22.8000,-4.8943,3.0804,1.6841,3.5821,4.2493
22.8500,-4.3250,3.5920,3.3717,3.8247,3.1357
22.9000,-3.7550,3.4772,4.9721,3.7974,1.8316
22.9500,-3.2037,2.9427,6.2435,3.4272,0.5146
23.0000,-2.6553,2.2266,7.0956,2.7808,-0.5850
23.0500,-2.1107,1.5419,7.5792,2.0098,-1.3050
23.1000,-1.5916,1.0292,7.8167,1.2647,-1.6107
23.1500,-1.1181,0.7451,7.9236,0.6408,-1.5649
23.2000,-0.6943,0.6863,7.9715,0.1739,-1.2684
23.2500,-0.3072,0.8234,7.9906,-0.1417,-0.8181
23.3000,0.0662,1.1230,7.9843,-0.3362,-0.2902
23.3500,0.4534,1.5583,7.9414,-0.4517,0.2639
23.4000,0.8843,2.1100,7.8397,-0.5342,0.8153
23.4500,1.3926,2.7638,7.6431,-0.6260,1.3521
23.5000,2.0174,3.5024,7.2942,-0.7580,1.8700
23.5500,2.8016,4.2917,6.7088,-0.9393,2.3588
23.6000,3.7778,5.0575,5.7810,-1.1457,2.7848
23.6500,4.9365,5.6562,4.4204,-1.3068,3.0847
23.7000,6.1843,5.8684,2.6425,-1.3111,3.1942
23.7500,7.3451,5.4600,0.6744,-1.0650,3.1289
23.8000,8.2462,4.3126,-1.0566,-0.6087,3.0389
23.8500,8.8032,2.5225,-2.1180,-0.1643,3.0985
23.9000,8.9963,0.4056,-2.2652,0.0401,3.3174
23.9500,8.8323,-1.5766,-1.4948,0.0487,3.5719
24.0000,8.3474,-3.0054,-0.0577,0.2077,3.8321
24.0500,7.5628,-3.7300,1.5820,0.8756,4.2019
24.1000,6.4248,-3.8972,2.9351,2.1600,4.7135
24.1500,4.8370,-3.7609,3.6819,3.8945,5.1941
24.2000,2.8015,-3.4762,3.7221,5.7330,5.3347
24.2500,0.5843,-3.0532,3.1591,7.2768,4.8795
24.3000,-1.3220,-2.4812,2.2851,8.2715,3.8240
24.3500,-2.5047,-1.8485,1.4579,8.7433,2.4268
24.4000,-2.8594,-1.2948,0.8976,8.8945,1.0184
24.4500,-2.5267,-0.8858,0.6316,8.9060,-0.1532
24.5000,-1.7382,-0.5749,0.5995,8.8659,-0.9502
24.5500,-0.7324,-0.2657,0.7514,8.7989,-1.3333
24.6000,0.2834,0.1151,1.0676,8.7031,-1.3529
24.6500,1.1673,0.5929,1.5377,8.5674,-1.1281
24.7000,1.8605,1.1645,2.1466,8.3744,-0.8073
24.7500,2.3776,1.8278,2.8740,8.0925,-0.5265
24.8000,2.7740,2.5987,3.6925,7.6628,-0.3777
24.8500,3.1067,3.5093,4.5526,6.9887,-0.3907
24.9000,3.3983,4.5903,5.3535,5.9462,-0.5213
24.9500,3.6219,5.8310,5.9075,4.4416,-0.6506
25.0000,3.7405,7.1308,5.9396,2.5318,-0.6205
25.0500,3.7998,8.3001,5.1784,0.5386,-0.3440
25.1000,3.9468,9.1425,3.5317,-1.0120,0.0599
25.1500,4.2580,9.5210,1.2267,-1.6465,0.3234
25.2000,4.6328,9.3626,-1.1938,-1.1728,0.3775
25.2500,5.0031,8.6664,-3.1121,0.2011,0.5784
25.3000,5.4594,7.4405,-4.2223,1.8785,1.4112
25.3500,5.9851,5.6072,-4.6427,3.1342,3.0186
25.4000,6.2592,3.1080,-4.6223,3.4551,5.0493
25.4500,5.8857,0.2188,-4.2424,2.7395,6.8348
25.5000,4.8167,-2.3725,-3.4575,1.3875,7.8439
25.5500,3.3982,-4.0662,-2.3493,0.1065,8.1074
25.6000,1.9688,-4.7668,-1.1954,-0.5839,8.0446
25.6500,0.6463,-4.6987,-0.2943,-0.6092,7.9795
25.7000,-0.5536,-4.0936,0.2124,-0.1940,7.9769
25.7500,-1.5811,-3.0977,0.3898,0.3870,7.9687
25.8000,-2.3364,-1.8276,0.4453,0.9701,7.8881
25.8500,-2.7397,-0.4346,0.6088,1.5344,7.7038
25.9000,-2.7995,0.8988,1.0293,2.1308,7.3965
25.9500,-2.6145,2.0172,1.7466,2.7919,6.9342
26.0000,-2.3185,2.8404,2.7258,3.4905,6.2651
26.0500,-2.0131,3.3597,3.8970,4.1370,5.3274
26.1000,-1.7272,3.6065,5.1667,4.5877,4.0860
26.1500,-1.4207,3.6356,6.4118,4.6655,2.5975
26.2000,-1.0426,3.5412,7.4927,4.2173,1.0649
26.2500,-0.6113,3.4588,8.2974,3.1997,-0.1955
26.3000,-0.2242,3.4998,8.7723,1.7337,-0.8844
26.3500,0.0562,3.6834,8.9045,0.0891,-0.8470
26.4000,0.3313,3.9780,8.6952,-1.4014,-0.1284
26.4500,0.8424,4.3889,8.1403,-2.4856,1.0279
26.5000,1.8016,4.9350,7.1955,-3.1031,2.2497
26.5500,3.2463,5.5289,5.7619,-3.3545,3.1661
26.6000,4.9905,5.9148,3.7670,-3.3528,3.5150
26.6500,6.6612,5.7608,1.3560,-3.1084,3.2166
26.7000,7.8796,4.8926,-0.9921,-2.5850,2.4532
26.7500,8.5274,3.4533,-2.7017,-1.8684,1.6233
26.8000,8.7710,1.7773,-3.4812,-1.1890,1.0631
26.8500,8.8207,0.1822,-3.3778,-0.7352,0.8384
26.9000,8.7851,-1.0927,-2.5970,-0.5002,0.8382
26.9500,8.6971,-1.8903,-1.3940,-0.3201,0.9698
27.0000,8.5624,-2.1675,-0.0454,-0.0215,1.2268
27.0500,8.3731,-2.0111,1.2008,0.4744,1.6354
27.1000,8.1107,-1.5964,2.1931,1.1552,2.1982
27.1500,7.7442,-1.1147,2.8991,1.9773,2.8856
27.2000,7.2229,-0.7108,3.3724,2.9126,3.6481
27.2500,6.4715,-0.4496,3.6950,3.9572,4.4116
27.3000,5.4074,-0.3070,3.9321,5.1093,5.0541
27.3500,4.0015,-0.1837,4.1197,6.3324,5.3840
27.4000,2.3725,0.0387,4.2963,7.5233,5.1579
27.4500,0.8410,0.3948,4.5468,8.5178,4.1755
27.5000,-0.1602,0.7756,4.9656,9.1270,2.4271
27.5500,-0.2994,1.0672,5.5449,9.1676,0.2048
27.6000,0.4380,1.4173,6.1927,8.4923,-1.9558
27.6500,1.6252,2.2184,6.8570,6.9987,-3.5689
27.7000,2.5115,3.6729,7.4224,4.6051,-4.4478
27.7500,2.4403,5.4021,7.5342,1.4147,-4.5759
27.8000,1.3833,6.6439,6.8696,-1.9454,-3.8780
27.8500,0.1306,7.0569,5.5500,-4.5408,-2.3976
27.9000,-0.3773,7.0457,3.9049,-5.9181,-0.6086
27.9500,0.1272,7.0582,2.0561,-6.2554,0.7656
28.0000,1.2095,7.0914,0.0094,-5.8672,1.2380
28.0500,2.2080,6.9468,-2.0601,-4.8854,0.8427
28.1000,2.7448,6.5738,-3.7745,-3.3403,0.0948
28.1500,2.9305,6.0603,-4.8190,-1.4044,-0.3488
28.2000,3.0893,5.4581,-5.1563,0.5409,-0.0970
28.2500,3.3804,4.7266,-4.9805,2.0925,0.8544
28.3000,3.7195,3.7902,-4.5453,3.0213,2.2652
28.3500,3.9197,2.6206,-4.0319,3.3051,3.8189
28.4000,3.8329,1.2994,-3.5096,3.0636,5.2282
28.4500,3.4234,0.0163,-2.9742,2.4933,6.3049
28.5000,2.7702,-1.0160,-2.4140,1.8176,7.0001
28.5500,2.0098,-1.6658,-1.8473,1.2300,7.3842
28.6000,1.2642,-1.9156,-1.3130,0.8462,7.5751
28.6500,0.6080,-1.8250,-0.8427,0.6982,7.6696
28.7000,0.0737,-1.4798,-0.4421,0.7636,7.7191
28.7500,-0.3319,-0.9630,-0.0898,1.0013,7.7372
28.8000,-0.6182,-0.3452,0.2530,1.3753,7.7164
28.8500,-0.8069,0.3159,0.6312,1.8620,7.6380
28.9000,-0.9304,0.9761,1.0883,2.4475,7.4733
28.9500,-1.0257,1.6035,1.6650,3.1191,7.1790
29.0000,-1.1239,2.1733,2.3976,3.8521,6.6906
29.0500,-1.2343,2.6573,3.3122,4.5911,5.9221
29.1000,-1.3279,3.0131,4.4052,5.2264,4.7865
29.1500,-1.3291,3.1934,5.6120,5.5795,3.2579
29.2000,-1.1462,3.1942,6.7936,5.4338,1.4650
29.2500,-0.7589,3.1155,7.7837,4.6300,-0.2682
29.3000,-0.3000,3.1243,8.4712,3.1725,-1.5337
29.3500,0.0134,3.3001,8.8148,1.2686,-2.0279
29.4000,0.1111,3.5688,8.8038,-0.7056,-1.6511
29.4500,0.2118,3.8543,8.4523,-2.3285,-0.5328
29.5000,0.6717,4.2075,7.7819,-3.3406,0.9708
29.5500,1.7055,4.6937,6.7630,-3.7635,2.3900
29.6000,3.2620,5.2171,5.3045,-3.7981,3.3335
29.6500,5.0617,5.5061,3.3583,-3.6200,3.5994
29.7000,6.7010,5.2642,1.0995,-3.2683,3.1975
29.7500,7.8446,4.3910,-1.0176,-2.7188,2.3641
29.8000,8.4297,3.0718,-2.5096,-2.0337,1.4828
29.8500,8.6381,1.6219,-3.1690,-1.3761,0.8562
29.9000,8.6773,0.3021,-3.0738,-0.8790,0.5636
29.9500,8.6563,-0.7236,-2.4235,-0.5485,0.5335
30.0000,8.6044,-1.3683,-1.4384,-0.2876,0.6818
30.0500,8.5190,-1.6212,-0.3303,0.0183,0.9723
30.1000,8.3883,-1.5507,0.7222,0.4377,1.4011
30.1500,8.1947,-1.2835,1.6062,0.9867,1.9647
30.2000,7.9110,-0.9619,2.2878,1.6578,2.6474
30.2500,7.4896,-0.7031,2.7950,2.4485,3.4201
30.3000,6.8533,-0.5694,3.1803,3.3714,4.2331
30.3500,5.9014,-0.5518,3.4831,4.4416,4.9941
30.4000,4.5543,-0.5667,3.7092,5.6453,5.5391
30.4500,2.8488,-0.4839,3.8522,6.9002,5.6282
30.5000,1.0383,-0.2146,3.9589,8.0481,5.0123
30.5500,-0.4320,0.1725,4.1511,8.9074,3.5766
30.6000,-1.1207,0.4738,4.5060,9.3270,1.4782
30.6500,-0.8101,0.6185,4.9557,9.2013,-0.8273
30.7000,0.3511,0.8944,5.4272,8.4842,-2.7701
30.7500,1.8268,1.7417,5.9588,7.1471,-4.0106
30.8000,2.9044,3.3065,6.4917,5.1083,-4.5769
30.8500,3.0401,5.2207,6.6908,2.3632,-4.6208
30.9000,2.1570,6.7819,6.1943,-0.6897,-4.1537
30.9500,0.7866,7.5239,5.0328,-3.2742,-3.1382
31.0000,-0.2641,7.6260,3.5597,-4.8445,-1.7664
31.0500,-0.5360,7.5587,2.0245,-5.4060,-0.4668
31.1000,-0.1180,7.5538,0.4769,-5.2157,0.3697
31.1500,0.6059,7.5606,-1.0445,-4.4711,0.6212
31.2000,1.2832,7.4704,-2.3876,-3.2701,0.4763
31.2500,1.7933,7.2458,-3.3432,-1.7287,0.3054
31.3000,2.2269,6.8937,-3.7935,-0.0676,0.4426
31.3500,2.7072,6.4032,-3.7881,1.4366,1.0331
31.4000,3.2549,5.7289,-3.4918,2.5737,2.0361
31.4500,3.7808,4.8140,-3.0787,3.2632,3.3107
31.5000,4.1366,3.6351,-2.6518,3.5319,4.6844
31.5500,4.1688,2.2576,-2.2271,3.4688,5.9842
31.6000,3.7757,0.8663,-1.7789,3.2052,7.0645
31.6500,2.9604,-0.2800,-1.3087,2.8992,7.8459
31.7000,1.8411,-0.9585,-0.8692,2.6868,8.3288
31.7500,0.6117,-1.0670,-0.5108,2.6300,8.5586
31.8000,-0.5175,-0.6374,-0.2083,2.7263,8.5806
31.8500,-1.3815,0.1907,0.1502,2.9657,8.4209
31.9000,-1.9129,1.2123,0.7014,3.3584,8.0785
31.9500,-2.1529,2.2150,1.5388,3.9054,7.5154
32.0000,-2.2061,3.0329,2.6851,4.5525,6.6528
32.0500,-2.1637,3.5617,4.0911,5.1595,5.3928
32.1000,-2.0409,3.7498,5.6252,5.4962,3.6944
32.1500,-1.7815,3.6161,7.0739,5.2950,1.7002
32.2000,-1.3589,3.2983,8.2147,4.3894,-0.2024
32.2500,-0.8858,3.0114,8.9380,2.8473,-1.5356
32.3000,-0.5473,2.8818,9.2668,0.9711,-1.9876
32.3500,-0.3788,2.8851,9.2749,-0.8163,-1.5229
32.4000,-0.1761,2.9890,9.0351,-2.1345,-0.3540
32.4500,0.3349,3.2488,8.5934,-2.8119,1.1341
32.5000,1.2911,3.7165,7.9382,-2.9360,2.5337
32.5500,2.6577,4.3327,6.9960,-2.7427,3.5736
32.6000,4.2975,4.9142,5.6696,-2.4459,4.1594
32.6500,6.0149,5.1910,3.9305,-2.1289,4.3129
32.7000,7.5693,4.8828,1.9514,-1.7579,4.1289
32.7500,8.7427,3.8474,0.1506,-1.3097,3.7843
32.8000,9.4412,2.2128,-0.9900,-0.8754,3.4843
32.8500,9.7006,0.3548,-1.1933,-0.5653,3.3330
32.9000,9.6081,-1.2689,-0.5001,-0.3123,3.3316
32.9500,9.2398,-2.3328,0.7776,0.1286,3.5032
33.0000,8.6158,-2.7848,2.1988,0.9777,3.9034
33.0500,7.6769,-2.8065,3.3855,2.2911,4.5098
33.1000,6.3081,-2.6364,4.1332,3.9754,5.1555
33.1500,4.4358,-2.4026,4.3865,5.8313,5.5422
33.2000,2.2038,-2.0857,4.1937,7.5702,5.3207
33.2500,0.0801,-1.6466,3.7293,8.8992,4.2815
33.3000,-1.3403,-1.1844,3.2513,9.6843,2.5489
33.3500,-1.7042,-0.8592,2.9203,9.9871,0.5585
33.4000,-1.0494,-0.6469,2.7486,9.9467,-1.1586
33.4500,0.2749,-0.3109,2.7531,9.6839,-2.2239
33.5000,1.7844,0.3673,3.0028,9.2595,-2.5674
33.5500,3.0803,1.4332,3.5159,8.6612,-2.3932
33.6000,3.9849,2.8095,4.2063,7.8161,-2.0016
33.6500,4.5060,4.3912,4.9009,6.6204,-1.6151
33.7000,4.7236,6.0618,5.3466,5.0041,-1.2932
33.7500,4.7316,7.6541,5.2286,3.0617,-0.9605
33.8000,4.6653,8.9509,4.2888,1.1632,-0.5436
33.8500,4.6914,9.7640,2.5241,-0.1413,-0.1109
33.9000,4.8860,9.9906,0.2945,-0.4260,0.2198
33.9500,5.2218,9.5992,-1.8068,0.3479,0.5748
34.0000,5.7113,8.5760,-3.3018,1.7614,1.3560
34.0500,6.3341,6.8355,-4.0988,3.1011,2.8677
34.1000,6.7919,4.2593,-4.3625,3.6911,4.9658
34.1500,6.5720,1.0342,-4.1746,3.1961,7.0204
34.2000,5.4404,-2.0649,-3.4791,1.8704,8.3233
34.2500,3.7313,-4.1701,-2.3762,0.4825,8.7438
34.3000,1.9262,-5.0314,-1.2322,-0.3178,8.7211
34.3500,0.2717,-4.8979,-0.4128,-0.4363,8.6486
34.4000,-1.1277,-4.0736,-0.0297,-0.1460,8.6189
34.4500,-2.1572,-2.7821,0.0757,0.2715,8.5817
34.5000,-2.7057,-1.2391,0.1769,0.7077,8.4902
34.5500,-2.7571,0.3063,0.4803,1.1945,8.3236
34.6000,-2.4260,1.6334,1.0483,1.7845,8.0643
34.6500,-1.9042,2.6295,1.8418,2.4828,7.6864
34.7000,-1.3748,3.3020,2.7993,3.2478,7.1490
34.7500,-0.9498,3.7280,3.8778,4.0038,6.3939
34.8000,-0.6457,3.9943,5.0474,4.6332,5.3593
34.8500,-0.3946,4.1683,6.2582,4.9623,4.0310
34.9000,-0.0959,4.3146,7.4129,4.7801,2.5205
34.9500,0.2933,4.5262,8.3679,3.9167,1.1088
35.0000,0.7047,4.8977,8.9615,2.3654,0.1719
35.0500,1.0618,5.4407,9.0330,0.3704,0.0024
35.1000,1.4879,6.0873,8.4393,-1.6174,0.6242
35.1500,2.3113,6.7761,7.0608,-3.1659,1.6812
35.2000,3.7244,7.3763,4.7968,-4.0698,2.5171
35.2500,5.4233,7.5412,1.7209,-4.2694,2.5154
35.3000,6.7197,6.9291,-1.5951,-3.6744,1.5913
35.3500,7.2434,5.6050,-4.2348,-2.3238,0.4279
35.4000,7.3146,3.8866,-5.6885,-0.6724,-0.0893
35.4500,7.3496,1.9402,-6.0723,0.5819,0.3198
35.5000,7.3725,-0.1721,-5.6697,0.9808,1.2516
35.5500,7.2259,-2.2332,-4.6118,0.5932,2.0912
35.6000,6.8771,-3.8607,-2.9646,-0.0481,2.5242
35.6500,6.4015,-4.7722,-0.9593,-0.3188,2.6951
35.7000,5.8319,-4.9721,0.9872,0.1072,2.9006
35.7500,5.1198,-4.6839,2.4878,1.1849,3.2486
35.8000,4.1929,-4.1727,3.3594,2.6626,3.6270
35.8500,3.0296,-3.6181,3.6227,4.2428,3.8457
35.9000,1.7165,-3.0832,3.4162,5.6691,3.7558
35.9500,0.4479,-2.5618,2.9304,6.7760,3.3115
36.0000,-0.5527,-2.0460,2.3660,7.5174,2.5825
36.0500,-1.1370,-1.5554,1.8861,7.9499,1.7127
36.1000,-1.2762,-1.1165,1.5809,8.1718,0.8543
36.1500,-1.0349,-0.7311,1.4721,8.2663,0.1227
36.2000,-0.5232,-0.3684,1.5471,8.2808,-0.4177
36.2500,0.1402,0.0196,1.7877,8.2320,-0.7534
36.3000,0.8510,0.4790,2.1804,8.1147,-0.9151
36.3500,1.5348,1.0455,2.7130,7.9056,-0.9644
36.4000,2.1507,1.7479,3.3668,7.5596,-0.9736
36.4500,2.6822,2.6128,4.1047,7.0040,-1.0012
36.5000,3.1159,3.6600,4.8514,6.1398,-1.0681
36.5500,3.4221,4.8788,5.4656,4.8711,-1.1366
36.6000,3.5633,6.1901,5.7266,3.1873,-1.1111
36.6500,3.5539,7.4322,5.3816,1.2750,-0.8915
36.7000,3.5165,8.4219,4.2743,-0.4581,-0.4896
36.7500,3.6045,9.0393,2.4754,-1.5505,-0.0909
36.8000,3.8345,9.2342,0.3171,-1.7080,0.1088
36.8500,4.1117,9.0017,-1.6979,-0.9153,0.1844
36.9000,4.4326,8.3704,-3.1349,0.5316,0.5035
36.9500,4.8859,7.3372,-3.8698,2.1020,1.4120
37.0000,5.4268,5.8171,-4.0761,3.2606,2.9611
37.0500,5.7763,3.7329,-3.9799,3.6705,4.8773
37.1000,5.5760,1.2428,-3.6616,3.2652,6.6778
37.1500,4.6829,-1.1425,-3.0925,2.2861,7.9199
37.2000,3.3106,-2.8473,-2.3220,1.2035,8.5006
37.2500,1.8220,-3.6334,-1.5325,0.4238,8.6526
37.3000,0.4800,-3.6106,-0.9036,0.0727,8.6477
37.3500,-0.5810,-3.0091,-0.4875,0.0624,8.6175
37.4000,-1.2938,-2.0497,-0.2092,0.2631,8.5820
37.4500,-1.6392,-0.9292,0.0546,0.6001,8.5235
37.5000,-1.6580,0.1798,0.4002,1.0539,8.4217
37.5500,-1.4506,1.1517,0.8690,1.6243,8.2581
37.6000,-1.1480,1.9295,1.4661,2.3049,8.0097
37.6500,-0.8719,2.5209,2.1893,3.0763,7.6379
37.7000,-0.7020,2.9693,3.0474,3.9007,7.0770
37.7500,-0.6540,3.3173,4.0558,4.7052,6.2330
37.8000,-0.6702,3.5785,5.2122,5.3544,5.0126
37.8500,-0.6317,3.7428,6.4575,5.6338,3.4022
37.9000,-0.4238,3.8314,7.6539,5.2899,1.5768
37.9500,-0.0527,3.9496,8.6224,4.1518,-0.0703
38.0000,0.3056,4.2143,9.2086,2.2767,-1.0757
38.0500,0.4914,4.6107,9.3035,0.0173,-1.1314
38.1000,0.6505,5.0438,8.8514,-2.0764,-0.2422
38.1500,1.2063,5.5223,7.8372,-3.5573,1.2065
38.2000,2.4658,6.0744,6.2052,-4.3342,2.5613
38.2500,4.2983,6.4942,3.8722,-4.5660,3.2009
38.3000,6.1388,6.3819,0.9840,-4.3554,2.8223
38.3500,7.3512,5.5355,-1.8585,-3.6601,1.6443
38.4000,7.7744,4.1825,-3.9361,-2.5219,0.3542
38.4500,7.7725,2.6742,-4.9751,-1.2345,-0.3912
38.5000,7.7264,1.1722,-5.1351,-0.1939,-0.4051
38.5500,7.7330,-0.2864,-4.6576,0.3582,0.0829
38.6000,7.7143,-1.6214,-3.6938,0.4552,0.7229
38.6500,7.5974,-2.6711,-2.3514,0.3570,1.2914
38.7000,7.3629,-3.2888,-0.7950,0.3864,1.7730
38.7500,7.0049,-3.4503,0.7382,0.7592,2.2640
38.8000,6.4951,-3.2654,2.0243,1.5228,2.8286
38.8500,5.7813,-2.9021,2.9377,2.6041,3.4365
38.9000,4.8104,-2.4970,3.4617,3.8797,3.9800
38.9500,3.5716,-2.1052,3.6484,5.2101,4.3073
39.0000,2.1534,-1.7083,3.5873,6.4500,4.2611
39.0500,0.7696,-1.2746,3.4030,7.4701,3.7374
39.1000,-0.2986,-0.8255,3.2390,8.1949,2.7465
39.1500,-0.8212,-0.4309,3.1995,8.6112,1.4313
39.2000,-0.7072,-0.1194,3.3090,8.7371,0.0297
39.2500,-0.0255,0.2012,3.5520,8.5913,-1.2020
39.3000,1.0159,0.7139,3.9342,8.1750,-2.0870
39.3500,2.1306,1.5810,4.4668,7.4504,-2.5934
39.4000,3.0427,2.8544,5.0886,6.3288,-2.8078
39.4500,3.5496,4.4422,5.6104,4.7119,-2.8317
39.5000,3.5528,6.1045,5.7377,2.6225,-2.6851
39.5500,3.1143,7.5183,5.2077,0.3589,-2.3210
39.6000,2.4899,8.4606,3.9842,-1.5501,-1.7634
39.6500,1.9811,8.9426,2.3037,-2.6576,-1.1917
39.7000,1.7103,9.1108,0.5324,-2.8251,-0.8026
39.7500,1.6216,9.0921,-0.9742,-2.1731,-0.6083
39.8000,1.6589,8.9596,-1.9594,-0.9691,-0.4290
39.8500,1.8474,8.7483,-2.3379,0.4461,-0.0644
39.9000,2.2281,8.4604,-2.2112,1.7581,0.5682
39.9500,2.7929,8.0707,-1.7939,2.7806,1.4379
40.0000,3.4846,7.5310,-1.3070,3.4805,2.4795
40.0500,4.2136,6.7717,-0.8985,3.9228,3.6467
40.1000,4.8493,5.7151,-0.6088,4.1966,4.9104
40.1500,5.1988,4.3291,-0.3769,4.3719,6.2227
40.2000,5.0196,2.7186,-0.0943,4.5126,7.4803
40.2500,4.1073,1.1878,0.2915,4.7144,8.5224
40.3000,2.4420,0.1625,0.7055,5.0806,9.1654
40.3500,0.2983,-0.0216,1.0578,5.6242,9.2319
40.4000,-1.8118,0.6579,1.4894,6.2704,8.5719
40.4500,-3.4133,1.7842,2.3689,6.9572,7.0672
40.5000,-4.3045,2.6143,3.8827,7.5376,4.6211
40.5500,-4.4377,2.4935,5.6429,7.6248,1.3492
40.6000,-3.7209,1.4105,6.8855,6.8864,-2.0711
40.6500,-2.2266,0.1859,7.2963,5.4602,-4.6656
40.7000,-0.4854,-0.2550,7.3012,3.6897,-5.9946
40.7500,0.7598,0.2873,7.3220,1.7079,-6.2590
40.8000,1.0717,1.3153,7.3305,-0.4392,-5.7619
40.8500,0.5826,2.1753,7.1507,-2.5136,-4.6184
40.9000,-0.1115,2.5808,6.7673,-4.1122,-2.8897
40.9500,-0.3672,2.7266,6.2676,-4.9638,-0.8274
41.0000,0.1158,2.9261,5.6793,-5.1019,1.1316
41.0500,1.2560,3.2705,4.9460,-4.7693,2.6014
41.1000,2.7760,3.6290,3.9953,-4.2338,3.4158
41.1500,4.3659,3.8080,2.8158,-3.6671,3.6138
41.2000,5.7697,3.6708,1.5091,-3.1245,3.3479
41.2500,6.8334,3.1922,0.2769,-2.5971,2.8179
41.3000,7.5283,2.4592,-0.6673,-2.0772,2.2269
41.3500,7.9243,1.6197,-1.1966,-1.5830,1.7343
41.4000,8.1246,0.8161,-1.3016,-1.1381,1.4249
41.4500,8.2115,0.1472,-1.0554,-0.7440,1.3173
41.5000,8.2299,-0.3390,-0.5656,-0.3749,1.3965
41.5500,8.1944,-0.6395,0.0585,0.0096,1.6414
41.6000,8.0993,-0.7883,0.7258,0.4499,2.0354
41.6500,7.9222,-0.8432,1.3731,0.9799,2.5651
41.7000,7.6216,-0.8694,1.9671,1.6299,3.2138
41.7500,7.1292,-0.9200,2.4947,2.4305,3.9516
41.8000,6.3487,-1.0152,2.9439,3.4095,4.7166
41.8500,5.1765,-1.1231,3.2842,4.5709,5.3874
41.9000,3.5707,-1.1533,3.4682,5.8568,5.7621
41.9500,1.6646,-0.9951,3.4844,7.1220,5.5867
42.0000,-0.1753,-0.6230,3.4299,8.1782,4.6690
42.0500,-1.4763,-0.1917,3.4718,8.8884,3.0174
42.1000,-1.8904,0.0669,3.6719,9.1926,0.9005
42.1500,-1.3275,0.1315,3.9393,9.0779,-1.2082
42.2000,0.0012,0.3139,4.2272,8.5704,-2.8272
42.2500,1.6167,1.0060,4.6222,7.6892,-3.7350
42.3000,2.9660,2.3570,5.1493,6.3758,-4.0435
42.3500,3.6531,4.1886,5.6050,4.5303,-3.9992
42.4000,3.5333,6.0801,5.6357,2.1978,-3.7445
42.4500,2.7403,7.5556,4.9956,-0.2409,-3.2721
42.5000,1.6694,8.3760,3.7723,-2.1990,-2.5844
42.5500,0.7636,8.6684,2.3032,-3.2968,-1.8152
42.6000,0.2473,8.7098,0.9051,-3.5341,-1.1482
42.6500,0.0988,8.6847,-0.2398,-3.1153,-0.6747
42.7000,0.2025,8.6497,-1.0433,-2.2721,-0.3559
42.7500,0.4706,8.6002,-1.4753,-1.2144,-0.0833
42.8000,0.8693,8.5180,-1.5656,-0.1250,0.2419
42.8500,1.3917,8.3855,-1.4041,0.8575,0.6708
42.9000,2.0317,8.1831,-1.1181,1.6604,1.2145
42.9500,2.7740,7.8798,-0.8349,2.2785,1.8729
43.0000,3.5913,7.4203,-0.6481,2.7511,2.6550
43.0500,4.4306,6.7171,-0.5947,3.1259,3.5817
43.1000,5.1880,5.6630,-0.6413,3.4261,4.6691
43.1500,5.6805,4.1886,-0.6838,3.6381,5.8921
43.2000,5.6533,2.3714,-0.5855,3.7494,7.1452
43.2500,4.8700,0.5254,-0.2804,3.8229,8.2524
43.3000,3.2678,-0.8702,0.1160,3.9961,9.0377
43.3500,1.0740,-1.3978,0.3785,4.3282,9.3740
43.4000,-1.2077,-0.9013,0.4783,4.7299,9.1867
43.4500,-3.0214,0.4055,0.7562,5.1476,8.4602
43.5000,-4.0983,1.9552,1.6454,5.6477,7.1802
43.5500,-4.5356,3.0664,3.2524,6.1756,5.2614
43.6000,-4.5261,3.2562,5.2108,6.3988,2.6757
43.6500,-4.1058,2.4579,6.8600,5.9517,-0.2399
43.7000,-3.2336,1.1250,7.7285,4.8334,-2.7706
43.7500,-2.0429,-0.0192,7.9210,3.3895,-4.3620
43.8000,-0.8688,-0.5095,7.8651,1.9141,-4.9690
43.8500,-0.0326,-0.3511,7.8331,0.4996,-4.8225
43.9000,0.3483,0.1729,7.8395,-0.8202,-4.1333
43.9500,0.3970,0.7722,7.8025,-1.9493,-3.0301
44.0000,0.3826,1.3132,7.6686,-2.7470,-1.6365
44.0500,0.5645,1.8231,7.4216,-3.1263,-0.1369
44.1000,1.0788,2.3788,7.0451,-3.1207,1.2511
44.1500,1.9283,3.0049,6.5017,-2.8615,2.3592
44.2000,3.0380,3.6471,5.7357,-2.4999,3.1167
44.2500,4.3025,4.1884,4.6963,-2.1355,3.5353
44.3000,5.5996,4.4710,3.3853,-1.7859,3.6703
44.3500,6.7927,4.3329,1.9174,-1.4113,3.6071
44.4000,7.7572,3.6751,0.5379,-0.9850,3.4684
44.4500,8.4192,2.5276,-0.4537,-0.5512,3.3899
44.5000,8.7586,1.0667,-0.8326,-0.1913,3.4516
44.5500,8.7802,-0.4305,-0.5338,0.0939,3.6521
44.6000,8.4893,-1.6846,0.3266,0.4523,3.9737
44.6500,7.8705,-2.5330,1.4779,1.1039,4.4320
44.7000,6.8590,-2.9842,2.5788,2.1961,5.0179
44.7500,5.3496,-3.1466,3.3249,3.7093,5.5994
44.8000,3.3002,-3.0938,3.5207,5.4308,5.8979
44.8500,0.9192,-2.8024,3.1441,7.0010,5.6023
44.9000,-1.2811,-2.2516,2.4167,8.1017,4.5923
44.9500,-2.7684,-1.5719,1.7133,8.6773,3.0498
45.0000,-3.3157,-1.0003,1.2850,8.8954,1.3175
45.0500,-2.9989,-0.6691,1.1303,8.9286,-0.2751
45.1000,-2.0386,-0.4966,1.1423,8.8644,-1.4708
45.1500,-0.7208,-0.2847,1.2761,8.7372,-2.1218
45.2000,0.6508,0.1177,1.5588,8.5557,-2.2308
45.2500,1.8355,0.7435,2.0147,8.3095,-1.9399
45.3000,2.7210,1.5499,2.6266,7.9733,-1.4571
45.3500,3.3189,2.4869,3.3466,7.5048,-0.9727
45.4000,3.7079,3.5316,4.1056,6.8393,-0.6046
45.4500,3.9726,4.6784,4.7982,5.8956,-0.3757
45.5000,4.1704,5.9048,5.2575,4.6178,-0.2186
45.5500,4.3432,7.1341,5.2526,3.0614,-0.0154
45.6000,4.5622,8.2217,4.5531,1.4732,0.3126
45.6500,4.9293,8.9815,3.0649,0.2615,0.7127
45.7000,5.4808,9.2192,0.9689,-0.1847,1.0574
45.7500,6.1411,8.7600,-1.2632,0.2720,1.3941
45.8000,6.8338,7.4747,-3.0908,1.3432,2.0616
45.8500,7.4649,5.2638,-4.2117,2.3373,3.3592
45.9000,7.7247,2.1637,-4.5567,2.5089,5.0696
45.9500,7.2309,-1.3055,-4.0461,1.6299,6.4599
46.0000,5.9974,-4.1770,-2.6704,0.3518,7.0271
46.0500,4.3543,-5.8288,-0.8452,-0.3068,7.0624
46.1000,2.4736,-6.3491,0.6698,0.0859,7.0704
46.1500,0.3655,-6.0741,1.2833,1.1661,7.1143
46.2000,-1.8148,-5.1724,0.9389,2.2315,6.9876
46.2500,-3.6764,-3.6697,0.1295,2.8159,6.6159
46.3000,-4.8571,-1.7125,-0.4345,2.9856,6.0937
46.3500,-5.2830,0.3170,-0.2878,3.0936,5.4911
46.4000,-5.1427,1.9806,0.6125,3.3454,4.7743
46.4500,-4.7061,3.0098,2.0261,3.6735,3.8626
46.5000,-4.1767,3.3621,3.6192,3.8835,2.7171
46.5500,-3.6405,3.1534,5.0844,3.8147,1.4089
46.6000,-3.0994,2.5837,6.2158,3.4226,0.1225
46.6500,-2.5391,1.8825,6.9522,2.7843,-0.9269
46.7000,-1.9709,1.2518,7.3597,2.0396,-1.6015
46.7500,-1.4283,0.8182,7.5594,1.3146,-1.8801
46.8000,-0.9421,0.6236,7.6557,0.6843,-1.8226
46.8500,-0.5220,0.6516,7.7070,0.1771,-1.5157
46.9000,-0.1536,0.8629,7.7318,-0.2067,-1.0419
46.9500,0.1943,1.2193,7.7251,-0.4816,-0.4684
47.0000,0.5610,1.6930,7.6697,-0.6714,0.1527
47.0500,0.9881,2.2673,7.5388,-0.8068,0.7830
47.1000,1.5165,2.9293,7.2927,-0.9206,1.3953
47.1500,2.1866,3.6597,6.8718,-1.0408,1.9681
47.2000,3.0323,4.4150,6.1933,-1.1780,2.4755
47.2500,4.0653,5.1048,5.1641,-1.3096,2.8757
47.3000,5.2440,5.5698,3.7296,-1.3682,3.1133
47.3500,6.4479,5.5960,1.9651,-1.2569,3.1586
47.4000,7.5068,4.9936,0.1463,-0.9218,3.0771
47.4500,8.2869,3.7117,-1.3181,-0.4519,3.0342
47.5000,8.7334,1.8990,-2.0756,-0.0672,3.1569
47.5500,8.8324,-0.1116,-1.9634,0.0830,3.4077
47.6000,8.5914,-1.8913,-1.0392,0.1283,3.6825
47.6500,8.0381,-3.1059,0.4080,0.4166,3.9915
47.7000,7.1686,-3.6879,1.9258,1.2354,4.4239
47.7500,5.9091,-3.8058,3.0823,2.6226,4.9555
47.8000,4.1765,-3.6713,3.6148,4.3716,5.3715
47.8500,2.0375,-3.3782,3.4629,6.1171,5.3646
47.9000,-0.1591,-2.9097,2.7770,7.4807,4.7379
47.9500,-1.9093,-2.2806,1.8925,8.2841,3.5678
48.0000,-2.8808,-1.6184,1.1561,8.6272,2.1414
48.0500,-3.0512,-1.0739,0.7305,8.7231,0.7566
48.1000,-2.5873,-0.6969,0.5919,8.7208,-0.3803
48.1500,-1.7096,-0.4194,0.6587,8.6779,-1.1521
48.2000,-0.6399,-0.1285,0.8822,8.6038,-1.5223
48.2500,0.4260,0.2574,1.2512,8.4907,-1.5384
48.3000,1.3514,0.7662,1.7624,8.3242,-1.3154
48.3500,2.0795,1.3935,2.4030,8.0819,-0.9973
48.4000,2.6239,2.1345,3.1486,7.7244,-0.7141
48.4500,3.0354,2.9998,3.9599,7.1845,-0.5486
48.5000,3.3619,4.0097,4.7650,6.3645,-0.5163
48.5500,3.6193,5.1697,5.4290,5.1631,-0.5572
48.6000,3.7942,6.4287,5.7342,3.5547,-0.5470
48.6500,3.8998,7.6519,5.4144,1.7040,-0.3622
48.7000,4.0357,8.6534,4.2780,0.0081,-0.0010
48.7500,4.3202,9.2646,2.3668,-1.0478,0.3567
48.8000,4.7378,9.3624,0.0387,-1.1302,0.5381
48.8500,5.1867,8.8820,-2.1287,-0.2342,0.6903
48.9000,5.6738,7.8062,-3.6604,1.2368,1.2579
48.9500,6.2251,6.0787,-4.4588,2.5902,2.5565
49.0000,6.6158,3.6244,-4.6860,3.1716,4.4252
49.0500,6.4354,0.6332,-4.4363,2.6853,6.2447
49.1000,5.5179,-2.2325,-3.6606,1.4129,7.3664
49.1500,4.1344,-4.2532,-2.4219,0.1135,7.6912
49.2000,2.6259,-5.2125,-1.0556,-0.5482,7.6425
49.2500,1.1154,-5.3104,0.0112,-0.4328,7.5962
49.3000,-0.3816,-4.7913,0.5314,0.1765,7.6106
49.3500,-1.7772,-3.7906,0.5579,0.8931,7.5811
49.4000,-2.8856,-2.4018,0.3871,1.4859,7.4322
49.4500,-3.5412,-0.7916,0.3770,1.9583,7.1539
49.5000,-3.7180,0.7862,0.7580,2.4300,6.7453
49.5500,-3.5347,2.0892,1.5692,2.9720,6.1760
49.6000,-3.1672,2.9823,2.7152,3.5436,5.3909
49.6500,-2.7530,3.4487,4.0446,4.0218,4.3425
49.7000,-2.3432,3.5479,5.3912,4.2495,3.0426
49.7500,-1.9206,3.3856,6.5950,4.0865,1.6141
49.8000,-1.4641,3.1056,7.5369,3.4705,0.2924
49.8500,-1.0054,2.8607,8.1727,2.4589,-0.6589
49.9000,-0.6102,2.7510,8.5248,1.2165,-1.0611
49.9500,-0.2974,2.7971,8.6368,-0.0362,-0.8745
50.0000,0.0152,2.9847,8.5421,-1.0902,-0.1911
50.0500,0.4748,3.3174,8.2516,-1.8159,0.7992
50.1000,1.2106,3.8077,7.7424,-2.2032,1.8632
50.1500,2.2780,4.4260,6.9479,-2.3400,2.7918
50.2000,3.6476,5.0563,5.7694,-2.3357,3.4399
50.2500,5.1998,5.4830,4.1392,-2.2399,3.7265
50.3000,6.7214,5.4310,2.1464,-2.0164,3.6430
50.3500,7.9664,4.6945,0.1343,-1.6199,3.3014
50.4000,8.7895,3.2893,-1.4063,-1.1254,2.9253
50.4500,9.2029,1.4787,-2.1078,-0.7207,2.6942
50.5000,9.2927,-0.3345,-1.8790,-0.5054,2.6220
50.5500,9.1438,-1.7572,-0.8817,-0.3444,2.6597
50.6000,8.8163,-2.5617,0.5417,0.0242,2.8344
50.6500,8.3239,-2.7693,1.9898,0.7748,3.2115
50.7000,7.6222,-2.5868,3.1624,1.9169,3.7828
50.7500,6.6257,-2.2539,3.9364,3.3577,4.4338
50.8000,5.2527,-1.9160,4.3220,4.9649,4.9627
50.8500,3.5202,-1.5822,4.3882,6.5710,5.1062
50.9000,1.6550,-1.1916,4.2486,7.9733,4.6128
50.9500,0.0911,-0.7459,4.0726,8.9932,3.3860
51.0000,-0.7313,-0.3545,4.0111,9.5458,1.5986
51.0500,-0.6014,-0.0707,4.1013,9.6314,-0.3382
51.1000,0.3626,0.2851,4.3317,9.2861,-1.9585
51.1500,1.7557,1.0309,4.7414,8.5265,-2.9888
51.2000,3.0579,2.3634,5.3304,7.2906,-3.4594
51.2500,3.8417,4.2102,5.9036,5.4522,-3.5675
51.3000,3.8793,6.2260,6.0699,2.9962,-3.4409
51.3500,3.2095,7.9103,5.4667,0.2841,-3.0600
51.4000,2.1868,8.9224,4.0850,-1.9809,-2.4282
51.4500,1.2763,9.3244,2.3011,-3.2490,-1.7263
51.5000,0.7107,9.3981,0.5706,-3.4461,-1.1780
51.5500,0.4571,9.3547,-0.7801,-2.8133,-0.8382
51.6000,0.4218,9.2780,-1.5769,-1.6847,-0.5870
51.6500,0.5692,9.1851,-1.7930,-0.3960,-0.2780
51.7000,0.8982,9.0700,-1.5414,0.7758,0.1512
51.7500,1.3981,8.9232,-1.0252,1.6714,0.6825
51.8000,2.0445,8.7347,-0.4641,2.2644,1.2779
51.8500,2.8133,8.4819,-0.0347,2.6248,1.9247
51.9000,3.6825,8.1091,0.1580,2.8630,2.6455
51.9500,4.6152,7.5108,0.0918,3.0794,3.4878
52.0000,5.5250,6.5354,-0.1677,3.3214,4.5063
52.0500,6.2305,5.0381,-0.4669,3.5577,5.7246
52.1000,6.4331,3.0144,-0.5965,3.7091,7.0698
52.1500,5.7945,0.7666,-0.4080,3.7702,8.3421
52.2000,4.1420,-1.1078,0.0028,3.8895,9.3021
52.2500,1.6674,-2.0131,0.2948,4.1872,9.7790
52.3000,-1.0354,-1.6603,0.2886,4.5504,9.6842
52.3500,-3.2157,-0.2156,0.3415,4.8622,9.0278
52.4000,-4.4562,1.6779,1.0497,5.2427,7.8567
52.4500,-4.8819,3.1895,2.6417,5.7502,6.1152
52.5000,-4.8357,3.7242,4.7830,6.0874,3.7102
52.5500,-4.4839,3.1285,6.7732,5.8118,0.8380
52.6000,-3.7913,1.7460,7.9900,4.8070,-1.8487
52.6500,-2.7775,0.2737,8.3600,3.4187,-3.6894
52.7000,-1.6434,-0.6928,8.2876,2.0486,-4.5229
52.7500,-0.6534,-0.9712,8.1655,0.8505,-4.5690
52.8000,0.0242,-0.7076,8.1301,-0.1861,-4.0888
52.8500,0.3812,-0.1531,8.1398,-1.0757,-3.2506
52.9000,0.5441,0.4935,8.1147,-1.7790,-2.1613
52.9500,0.6980,1.1470,8.0013,-2.2344,-0.9280
53.0000,1.0032,1.8128,7.7701,-2.4197,0.3161
53.0500,1.5478,2.5215,7.3920,-2.3822,1.4376
53.1000,2.3505,3.2745,6.8206,-2.2182,2.3423
53.1500,3.3850,4.0189,5.9892,-2.0216,2.9888
53.2000,4.5912,4.6388,4.8315,-1.8352,3.3715
53.2500,5.8655,4.9595,3.3415,-1.6298,3.5040
53.3000,7.0590,4.7884,1.6560,-1.3360,3.4369
53.3500,8.0215,4.0068,0.0790,-0.9289,3.2899
53.4000,8.6651,2.6584,-1.0248,-0.4959,3.2159
53.4500,8.9706,0.9673,-1.3990,-0.1729,3.2919
53.5000,8.9492,-0.7216,-0.9863,0.0282,3.4879
53.5500,8.6204,-2.0692,0.0570,0.3002,3.7735
53.6000,7.9872,-2.8981,1.3979,0.9124,4.1865
53.6500,6.9979,-3.2533,2.6413,2.0186,4.7436
53.7000,5.5502,-3.3028,3.4709,3.5748,5.3216
53.7500,3.5905,-3.1714,3.7155,5.3502,5.6445
53.8000,1.2941,-2.8632,3.3736,6.9866,5.4009
53.8500,-0.8655,-2.3514,2.6532,8.1630,4.4577
53.9000,-2.3628,-1.7287,1.9034,8.8001,2.9840
53.9500,-2.9487,-1.1859,1.3813,9.0488,1.3292
54.0000,-2.6867,-0.8324,1.1250,9.0923,-0.1666
54.0500,-1.8056,-0.6025,1.0649,9.0370,-1.2564
54.1000,-0.5967,-0.3383,1.1638,8.9266,-1.8186
54.1500,0.6499,0.0761,1.4329,8.7718,-1.8780
54.2000,1.7188,0.6633,1.8807,8.5646,-1.5806
54.2500,2.5172,1.3910,2.4887,8.2843,-1.1263
54.3000,3.0634,2.2281,3.2197,7.8933,-0.6959
54.3500,3.4346,3.1714,4.0227,7.3260,-0.4046
54.4000,3.7101,4.2381,4.8162,6.4861,-0.2800
54.4500,3.9334,5.4345,5.4552,5.2743,-0.2583
54.5000,4.1138,6.7123,5.7087,3.6725,-0.2057
54.5500,4.2802,7.9375,5.2972,1.8603,0.0055
54.6000,4.5315,8.9138,4.0259,0.2533,0.3689
54.6500,4.9579,9.4393,1.9624,-0.6530,0.7087
54.7000,5.5113,9.3430,-0.4702,-0.5457,0.9152
54.7500,6.0949,8.5183,-2.6414,0.4850,1.2413
54.8000,6.7025,6.9008,-4.1037,1.8675,2.1525
54.8500,7.2178,4.4154,-4.7974,2.7701,3.7855
54.9000,7.2456,1.1802,-4.7934,2.5740,5.6338
54.9500,6.4851,-2.1399,-4.0367,1.3533,6.8789
55.0000,5.1296,-4.6275,-2.5617,-0.0344,7.2281
55.0500,3.5390,-5.9000,-0.8020,-0.6578,7.1467
55.1000,1.8229,-6.1705,0.5839,-0.2648,7.1120
55.1500,-0.0414,-5.7531,1.1486,0.7425,7.1447
55.2000,-1.9332,-4.7856,0.9044,1.7517,7.0502
55.2500,-3.5349,-3.3042,0.2922,2.3832,6.7468
55.3000,-4.5489,-1.4586,-0.0984,2.6850,6.2897
55.3500,-4.9091,0.4149,0.1163,2.9271,5.7257
55.4000,-4.7723,1.9462,0.9789,3.2687,5.0255
55.4500,-4.3714,2.9096,2.2962,3.6554,4.1210
55.5000,-3.8847,3.2673,3.7885,3.9214,2.9771
55.5500,-3.3855,3.1153,5.1868,3.9141,1.6551
55.6000,-2.8714,2.6265,6.2974,3.5713,0.3288
55.6500,-2.3292,2.0097,7.0473,2.9437,-0.7824
55.7000,-1.7778,1.4569,7.4829,2.1564,-1.5178
55.7500,-1.2606,1.0897,7.7091,1.3417,-1.8301
55.8000,-0.8125,0.9455,7.8207,0.5964,-1.7626
55.8500,-0.4354,1.0046,7.8708,-0.0227,-1.3997
55.9000,-0.0981,1.2290,7.8760,-0.4893,-0.8343
55.9500,0.2488,1.5883,7.8311,-0.8024,-0.1536
56.0000,0.6565,2.0648,7.7183,-0.9843,0.5669
56.0500,1.1692,2.6479,7.5082,-1.0764,1.2686
56.1000,1.8228,3.3225,7.1536,-1.1288,1.9121
56.1500,2.6461,4.0549,6.5846,-1.1827,2.4714
56.2000,3.6535,4.7723,5.7112,-1.2500,2.9206
56.2500,4.8231,5.3402,4.4555,-1.2940,3.2226
56.3000,6.0665,5.5571,2.8272,-1.2309,3.3451
56.3500,7.2284,5.2052,1.0167,-0.9789,3.3155
56.4000,8.1493,4.1622,-0.6031,-0.5593,3.2625
56.4500,8.7354,2.4996,-1.6298,-0.1444,3.3360
56.5000,8.9516,0.5011,-1.8118,0.0816,3.5578
56.5500,8.7929,-1.4042,-1.1270,0.1611,3.8372
56.6000,8.2804,-2.8218,0.1935,0.4032,4.1506
56.6500,7.4172,-3.6003,1.7084,1.1386,4.5753
56.7000,6.1366,-3.8592,2.9391,2.4718,5.1108
56.7500,4.3468,-3.8091,3.5518,4.2280,5.5550
56.8000,2.1012,-3.5585,3.4289,6.0248,5.5815
56.8500,-0.2388,-3.0921,2.7011,7.4349,4.9647
56.9000,-2.1250,-2.4196,1.7337,8.2442,3.7768
56.9500,-3.1931,-1.6808,0.9294,8.5632,2.3206
57.0000,-3.4234,-1.0588,0.4849,8.6361,0.8978
57.0500,-2.9936,-0.6361,0.3697,8.6275,-0.2957
57.1000,-2.1228,-0.3582,0.4740,8.5911,-1.1470
57.1500,-1.0242,-0.1015,0.7250,8.5277,-1.6068
57.2000,0.1060,0.2390,1.1043,8.4244,-1.6991
57.2500,1.1166,0.7103,1.6135,8.2654,-1.5197
57.3000,1.9300,1.3146,2.2462,8.0293,-1.2062
57.3500,2.5426,2.0433,2.9814,7.6811,-0.8933
57.4000,2.9976,2.8989,3.7819,7.1607,-0.6761
57.4500,3.3452,3.8946,4.5802,6.3796,-0.5856
57.5000,3.6113,5.0332,5.2520,5.2430,-0.5781
57.5500,3.7938,6.2696,5.5963,3.7182,-0.5438
57.6000,3.9086,7.4825,5.3603,1.9415,-0.3618
57.6500,4.0459,8.4972,4.3476,0.2696,-0.0113
57.7000,4.3235,9.1465,2.5670,-0.8352,0.3587
57.7500,4.7455,9.3009,0.3251,-1.0282,0.5770
57.8000,5.2168,8.8810,-1.8398,-0.2633,0.7461
57.8500,5.7237,7.8552,-3.4415,1.1134,1.2729
57.9000,6.2866,6.1665,-4.3311,2.4468,2.4922
57.9500,6.7030,3.7396,-4.6303,3.0729,4.2947
58.0000,6.5707,0.7461,-4.4234,2.6538,6.0963
58.0500,5.6979,-2.1670,-3.6600,1.4307,7.2383
58.1000,4.3274,-4.2592,-2.4020,0.1570,7.5881
58.1500,2.7954,-5.2798,-0.9998,-0.4786,7.5564
58.2000,1.2297,-5.4171,0.0891,-0.3227,7.5223
58.2500,-0.3473,-4.9166,0.5942,0.3278,7.5400
58.3000,-1.8326,-3.9120,0.5703,1.0617,7.4987
58.3500,-3.0168,-2.4932,0.3399,1.6375,7.3262
58.4000,-3.7173,-0.8338,0.2923,2.0722,7.0217
58.4500,-3.9073,0.7933,0.6728,2.5057,6.5895
58.5000,-3.7156,2.1269,1.5135,3.0160,5.9986
58.5500,-3.3296,3.0229,2.7010,3.5562,5.1926
58.6000,-2.8934,3.4666,4.0645,3.9946,4.1272
58.6500,-2.4615,3.5266,5.4232,4.1736,2.8246
58.7000,-2.0199,3.3202,6.6135,3.9645,1.4196
58.7500,-1.5519,3.0003,7.5248,3.3252,0.1485
58.8000,-1.0887,2.7213,8.1284,2.3294,-0.7411
58.8500,-0.6893,2.5813,8.4599,1.1438,-1.0951
58.9000,-0.3674,2.6017,8.5715,-0.0264,-0.8928
58.9500,-0.0488,2.7697,8.5001,-0.9966,-0.2306
59.0000,0.3956,3.0860,8.2586,-1.6577,0.7140
59.0500,1.0799,3.5605,7.8282,-2.0061,1.7327
59.1000,2.0593,4.1713,7.1508,-2.1244,2.6425
59.1500,3.3233,4.8274,6.1337,-2.1180,3.3185
59.2000,4.7921,5.3489,4.6916,-2.0428,3.6892
59.2500,6.3021,5.4807,2.8484,-1.8705,3.7321
59.3000,7.6285,4.9803,0.8545,-1.5394,3.5126
59.3500,8.5886,3.7702,-0.8365,-1.0781,3.2123
59.4000,9.1326,2.0246,-1.7937,-0.6537,3.0205
59.4500,9.3070,0.1165,-1.8202,-0.4096,2.9839
59.5000,9.1825,-1.5218,-0.9927,-0.2622,3.0515
59.5500,8.8207,-2.5800,0.3839,0.0641,3.2336
59.6000,8.2411,-3.0068,1.8830,0.8054,3.6035
59.6500,7.3956,-2.9803,3.1336,2.0148,4.1636
59.7000,6.1864,-2.7444,3.9384,3.5910,4.7781
59.7500,4.5428,-2.4508,4.2577,5.3434,5.1948
59.8000,2.5553,-2.1097,4.1502,7.0204,5.1143
59.8500,0.5780,-1.6804,3.7693,8.3641,4.3277
59.9000,-0.8845,-1.2133,3.3424,9.2297,2.8772
59.9500,-1.4639,-0.8408,3.0409,9.6364,1.0788
