Date,S12.C.D.S333
1979-12-31,52.9
1980-01-07,391.1
1980-01-14,382.3
1980-01-21,381.4
1980-01-28,373.3
1980-02-04,930.3
1980-02-11,1461.7
1980-02-18,1722.6
1980-02-25,1928
1980-03-03,1905.7
1980-03-10,1789.7
1980-03-17,1556
1980-03-24,576.6
1980-03-31,193.3
1980-04-07,41.6
1980-04-14,609.1
1980-04-21,1087.6
1980-04-28,1785.9
1980-05-05,1810.6
1980-05-12,684
1980-05-19,46
1980-05-26,575.7
1980-06-02,893.9
1980-06-09,279.4
1980-06-16,27.6
1980-06-23,0
1980-06-30,21.1
1980-07-07,76.7
1980-07-14,0
1980-07-21,0
1980-07-28,0
1980-08-04,109.3
1980-08-11,219
1980-08-18,218.6
1980-08-25,225.6
1980-09-01,405.7
1980-09-08,1001.6
1980-09-15,986.1
1980-09-22,1759.9
1980-09-29,1792.3
1980-10-06,1428.6
1980-10-13,1007
1980-10-20,803.9
1980-10-27,928.3
1980-11-03,966.4
1980-11-10,995
1980-11-17,942.7
1980-11-24,938.4
1980-12-01,783.3
1980-12-08,628.3
1980-12-15,607.7
1980-12-22,599.1
1980-12-29,460.9
1980-12-31,123.9
1981-01-07,426
1981-01-14,420.3
1981-01-21,385.3
1981-01-28,351.1
1981-02-04,228.4
1981-02-11,227.6
1981-02-18,230.6
1981-02-25,103.6
1981-03-04,61
1981-03-11,54.4
1981-03-18,53.6
1981-03-25,50.4
1981-04-01,47
1981-04-08,25
1981-04-15,107.3
1981-04-22,362.7
1981-04-29,441.1
1981-05-06,487
1981-05-13,411.3
1981-05-20,50.9
1981-05-27,35.4
1981-06-03,77.9
1981-06-10,61.9
1981-06-17,88
1981-06-24,73.3
1981-07-01,103.1
1981-07-08,108.6
1981-07-15,107.1
1981-07-22,98.1
1981-07-29,132.7
1981-08-05,159.7
1981-08-12,137.4
1981-08-19,193.6
1981-08-26,206.3
1981-09-02,261.9
1981-09-09,510.9
1981-09-16,989.3
1981-09-23,879.1
1981-09-30,875
1981-10-07,864.6
1981-10-14,839.6
1981-10-21,806
1981-10-28,781.6
1981-11-04,711.7
1981-11-11,696.9
1981-11-18,680.6
1981-11-25,639.4
1981-12-02,611.6
1981-12-09,474.6
1981-12-16,438.6
1981-12-23,386
1981-12-30,372.1
1981-12-31,52.3
1982-01-07,307.9
1982-01-14,264.6
1982-01-21,278.9
1982-01-28,336.7
1982-02-04,270.7
1982-02-11,179.9
1982-02-18,213.1
1982-02-25,101.4
1982-03-04,53.9
1982-03-11,50
1982-03-18,132.9
1982-03-25,388.4
1982-04-01,370.1
1982-04-08,313.3
1982-04-15,325.7
1982-04-22,333.7
1982-04-29,109.7
1982-05-06,45.4
1982-05-13,31.3
1982-05-20,16.4
1982-05-27,14.9
1982-06-03,101.3
1982-06-10,114.9
1982-06-17,125.4
1982-06-24,309.9
1982-07-01,1765.9
1982-07-08,2077.6
1982-07-15,2605
1982-07-22,3009.7
1982-07-29,2956
1982-08-05,2778.7
1982-08-12,2638.6
1982-08-19,2577.4
1982-08-26,2327.9
1982-09-02,1963.1
1982-09-09,1957.3
1982-09-16,1839.3
1982-09-23,1126.3
1982-09-30,1022.6
1982-10-07,2055
1982-10-14,2227
1982-10-21,2063.1
1982-10-28,2045.9
1982-11-04,1900.7
1982-11-11,2053.1
1982-11-18,1900.6
1982-11-25,1751.1
1982-12-02,1359.7
1982-12-09,475.7
1982-12-16,475.6
1982-12-23,491.1
1982-12-30,460.3
1982-12-31,27
1983-01-07,204.7
1983-01-14,208.9
1983-01-21,203.1
1983-01-28,219.3
1983-02-04,218.3
1983-02-11,216.9
1983-02-18,767.1
1983-02-25,1868.9
1983-03-04,1741.9
1983-03-11,1384.9
1983-03-18,1431.7
1983-03-25,1878.4
1983-04-01,1981.1
1983-04-08,1797.7
1983-04-15,1632
1983-04-22,1580.3
1983-04-29,1510.3
1983-05-06,1333.7
1983-05-13,1138.4
1983-05-20,923.4
1983-05-27,623.9
1983-06-03,595.3
1983-06-10,615.4
1983-06-17,526.9
1983-06-24,339
1983-07-01,337
1983-07-08,365.7
1983-07-15,380.1
1983-07-22,336.1
1983-07-29,335.7
1983-08-05,367.7
1983-08-12,397.7
1983-08-19,383.7
1983-08-26,405.3
1983-09-02,489.4
1983-09-09,502.4
1983-09-16,503.7
1983-09-23,547.6
1983-09-30,604.7
1983-10-07,628
1983-10-14,680.3
1983-10-21,733.9
1983-10-28,706.1
1983-11-04,687.6
1983-11-11,731
1983-11-18,748.9
1983-11-25,712.9
1983-12-02,683.4
1983-12-09,651
1983-12-16,632.6
1983-12-23,690.4
1983-12-30,657.4
1983-12-31,105
1984-01-07,696.7
1984-01-14,647.6
1984-01-21,623
1984-01-28,583
1984-02-04,503.6
1984-02-11,413.9
1984-02-18,352.3
1984-02-25,310.3
1984-03-03,284.1
1984-03-10,279.1
1984-03-17,299.4
1984-03-24,299.9
1984-03-31,317.7
1984-04-07,316.7
1984-04-14,324.1
1984-04-21,594.3
1984-04-28,1179.3
1984-05-05,1080.4
1984-05-12,1013.1
1984-05-19,823.4
1984-05-26,248.1
1984-06-02,315.1
1984-06-09,501
1984-06-16,578.1
1984-06-23,632.3
1984-06-30,617.3
1984-07-07,702.9
1984-07-14,787
1984-07-21,711
1984-07-28,711.1
1984-08-04,899
1984-08-11,1219.9
1984-08-18,1163.3
1984-08-25,924.4
1984-09-01,622.7
1984-09-08,725.7
1984-09-15,1131.1
1984-09-22,1316.1
1984-09-29,759.7
1984-10-06,940.1
1984-10-13,893.4
1984-10-20,1355.4
1984-10-27,1385.9
1984-11-03,1336.4
1984-11-10,1245.1
1984-11-17,1115
1984-11-24,1054.1
1984-12-01,931.7
1984-12-08,571.7
1984-12-15,524.4
1984-12-22,478.7
1984-12-29,417
1984-12-31,101.4
1985-01-07,281.1
1985-01-14,239
1985-01-21,310.1
1985-01-28,144.5
1985-02-04,297.7
1985-02-11,419.6
1985-02-18,346.4
1985-02-25,315.3
1985-03-04,216.8
1985-03-11,461.1
1985-03-18,589.7
1985-03-25,403.1
1985-04-01,621.1
1985-04-08,651.4
1985-04-15,428.5
1985-04-22,264.3
1985-04-29,863.7
1985-05-06,1329.3
1985-05-13,722.9
1985-05-20,1385
1985-05-27,1437.1
1985-06-03,1027.3
1985-06-10,899.6
1985-06-17,296.4
1985-06-24,19.1
1985-07-01,0
1985-07-08,0
1985-07-15,64.1
1985-07-22,191.9
1985-07-29,238.4
1985-08-05,563
1985-08-12,1296.1
1985-08-19,1396.6
1985-08-26,1457.3
1985-09-02,1480
1985-09-09,1506.4
1985-09-16,1338.9
1985-09-23,721.3
1985-09-30,804.3
1985-10-07,1468.4
1985-10-14,1260.9
1985-10-21,1344
1985-10-28,1307.4
1985-11-04,1206.9
1985-11-11,1176.7
1985-11-18,1007.1
1985-11-25,579
1985-12-02,466.7
1985-12-09,402.1
1985-12-16,335.4
1985-12-23,280.7
1985-12-30,203.1
1985-12-31,28.3
1986-01-07,195.3
1986-01-14,180.6
1986-01-21,258.9
1986-01-28,328
1986-02-04,272.4
1986-02-11,239
1986-02-18,212.9
1986-02-25,164.7
1986-03-04,160.3
1986-03-11,155.4
1986-03-18,126.6
1986-03-25,234.6
1986-04-01,419.6
1986-04-08,825.1
1986-04-15,810.9
1986-04-22,495.9
1986-04-29,393.9
1986-05-06,316.6
1986-05-13,212.3
1986-05-20,156.1
1986-05-27,106.7
1986-06-03,145.4
1986-06-10,141.7
1986-06-17,74.6
1986-06-24,218
1986-07-01,837.6
1986-07-08,1508.1
1986-07-15,1891
1986-07-22,1899.3
1986-07-29,1505.6
1986-08-05,1460.6
1986-08-12,1171.9
1986-08-19,1004
1986-08-26,948.1
1986-09-02,1061
1986-09-09,993.4
1986-09-16,867.4
1986-09-23,850.1
1986-09-30,768.1
1986-10-07,823.1
1986-10-14,846.1
1986-10-21,893.3
1986-10-28,740.9
1986-11-04,367.9
1986-11-11,330.9
1986-11-18,263
1986-11-25,212.1
1986-12-02,166.6
1986-12-09,146.6
1986-12-16,124.1
1986-12-23,270.7
1986-12-30,40.7
1986-12-31,6.1
1987-01-07,80.4
1987-01-14,257.7
1987-01-21,426.3
1987-01-28,645.7
1987-02-04,691
1987-02-11,500.3
1987-02-18,750
1987-02-25,760.3
1987-03-04,849
1987-03-11,275.4
1987-03-18,258.4
1987-03-25,574.4
1987-04-01,465.9
1987-04-08,632.7
1987-04-15,900.4
1987-04-22,725.1
1987-04-29,444.3
1987-05-06,532.4
1987-05-13,332.1
1987-05-20,279.7
1987-05-27,305.4
1987-06-03,298.1
1987-06-10,193.8
1987-06-17,88.5
1987-06-24,17.4
1987-07-01,0
1987-07-08,0
1987-07-15,0
1987-07-22,0
1987-07-29,0
1987-08-05,0
1987-08-12,0
1987-08-19,0
1987-08-26,0
1987-09-02,0
1987-09-09,0
1987-09-16,0
1987-09-23,3.9
1987-09-30,79.1
1987-10-07,286.6
1987-10-14,566
1987-10-21,791.1
1987-10-28,961.9
1987-11-04,802.9
1987-11-11,283.9
1987-11-18,637.6
1987-11-25,1036.7
1987-12-02,1109.1
1987-12-09,1101.9
1987-12-16,989.7
1987-12-23,1023.3
1987-12-30,997.7
1987-12-31,132.6
1988-01-07,935.7
1988-01-14,830.1
1988-01-21,614
1988-01-28,634.3
1988-02-04,557.7
1988-02-11,430.4
1988-02-18,377.1
1988-02-25,326
1988-03-03,302.3
1988-03-10,258.6
1988-03-17,211.7
1988-03-24,185.7
1988-03-31,158.3
1988-04-07,137.9
1988-04-14,328.6
1988-04-21,435.6
1988-04-28,245.2
1988-05-05,0
1988-05-12,0
1988-05-19,4.6
1988-05-26,0
1988-06-02,0
1988-06-09,0
1988-06-16,8
1988-06-23,121
1988-06-30,266.3
1988-07-07,251.6
1988-07-14,171
1988-07-21,195.7
1988-07-28,502.4
1988-08-04,773.3
1988-08-11,1012.4
1988-08-18,906.4
1988-08-25,1002.1
1988-09-01,1419.4
1988-09-08,1570.7
1988-09-15,1613.9
1988-09-22,1784.1
1988-09-29,1643.3
1988-10-06,1421
1988-10-13,770.4
1988-10-20,608.1
1988-10-27,826.1
1988-11-03,749.1
1988-11-10,562
1988-11-17,400.4
1988-11-24,252.4
1988-12-01,205.7
1988-12-08,179.6
1988-12-15,93.6
1988-12-22,34.9
1988-12-29,0
1988-12-31,0
1989-01-07,0
1989-01-14,0
1989-01-21,0
1989-01-28,0
1989-02-04,0
1989-02-11,0
1989-02-18,0
1989-02-25,0
1989-03-04,0
1989-03-11,0
1989-03-18,0
1989-03-25,0
1989-04-01,0
1989-04-08,0
1989-04-15,0
1989-04-22,0
1989-04-29,0
1989-05-06,0
1989-05-13,9.7
1989-05-20,0
1989-05-27,0
1989-06-03,0
1989-06-10,0
1989-06-17,0
1989-06-24,0
1989-07-01,0
1989-07-08,0
1989-07-15,0
1989-07-22,0
1989-07-29,0
1989-08-05,0
1989-08-12,0
1989-08-19,0
1989-08-26,0
1989-09-02,0
1989-09-09,27.3
1989-09-16,79
1989-09-23,94.9
1989-09-30,114.7
1989-10-07,234.1
1989-10-14,406.6
1989-10-21,488
1989-10-28,522.4
1989-11-04,555
1989-11-11,475.3
1989-11-18,337.1
1989-11-25,239.3
1989-12-02,162
1989-12-09,119.8
1989-12-16,65.3
1989-12-23,14.6
1989-12-30,0
1989-12-31,0
1990-01-07,0
1990-01-14,34.5
1990-01-21,17.9
1990-01-28,0
1990-02-04,0
1990-02-11,0
1990-02-18,0
1990-02-25,0
1990-03-04,0
1990-03-11,0
1990-03-18,0
1990-03-25,0
1990-04-01,0
1990-04-08,0
1990-04-15,0
1990-04-22,0
1990-04-29,0
1990-05-06,0
1990-05-13,0
1990-05-20,0
1990-05-27,0
1990-06-03,0
1990-06-10,50
1990-06-17,175.3
1990-06-24,185.8
1990-07-01,158.3
1990-07-08,157.6
1990-07-15,223.4
1990-07-22,394.7
1990-07-29,411.9
1990-08-05,425.9
1990-08-12,359.1
1990-08-19,295.1
1990-08-26,397.6
1990-09-02,545.7
1990-09-09,574.7
1990-09-16,566.6
1990-09-23,578.9
1990-09-30,528.6
1990-10-07,606.1
1990-10-14,547.9
1990-10-21,799.9
1990-10-28,855.9
1990-11-04,885
1990-11-11,761.9
1990-11-18,600.9
1990-11-25,438
1990-12-02,328.6
1990-12-09,205.4
1990-12-16,133.6
1990-12-23,61.4
1990-12-30,23.5
1990-12-31,0
1991-01-07,0
1991-01-14,0
1991-01-21,0
1991-01-28,137.4
1991-02-04,392.3
1991-02-11,393.7
1991-02-18,309.4
1991-02-25,304.7
1991-03-04,285.3
1991-03-11,285.3
1991-03-18,363.4
1991-03-25,314.7
1991-04-01,237.1
1991-04-08,303.6
1991-04-15,227.6
1991-04-22,217.7
1991-04-29,223.9
1991-05-06,272.9
1991-05-13,246
1991-05-20,191.9
1991-05-27,196.9
1991-06-03,437
1991-06-10,665.3
1991-06-17,487
1991-06-24,528
1991-07-01,546.7
1991-07-08,749.7
1991-07-15,1340.6
1991-07-22,1842
1991-07-29,2174.4
1991-08-05,1900.1
1991-08-12,1987
1991-08-19,1919.9
1991-08-26,1934.3
1991-09-02,1941.9
1991-09-09,1682.1
1991-09-16,1452.7
1991-09-23,1303.6
1991-09-30,1035.7
1991-10-07,1045.3
1991-10-14,1088.7
1991-10-21,1398.4
1991-10-28,1303.1
1991-11-04,1598.7
1991-11-11,1514.1
1991-11-18,1133.7
1991-11-25,654.3
1991-12-02,520.6
1991-12-09,493.4
1991-12-16,506.6
1991-12-23,501.9
1991-12-30,481.4
1991-12-31,61.4
1992-01-07,400.4
1992-01-14,370
1992-01-21,364.9
1992-01-28,318.7
1992-02-04,312.6
1992-02-11,310.3
1992-02-18,306.9
1992-02-25,336
1992-03-03,290.9
1992-03-10,247.4
1992-03-17,224.3
1992-03-24,193.1
1992-03-31,189.6
1992-04-07,236
1992-04-14,239.7
1992-04-21,249
1992-04-28,232.6
1992-05-05,247.3
1992-05-12,227
1992-05-19,144.3
1992-05-26,26.9
1992-06-02,7.4
1992-06-09,66.1
1992-06-16,72.7
1992-06-23,114
1992-06-30,489.3
1992-07-07,939.1
1992-07-14,1452.9
1992-07-21,1647.7
1992-07-28,1881.4
1992-08-04,1845.9
1992-08-11,1911.1
1992-08-18,1972.1
1992-08-25,1611.4
1992-09-01,1353.4
1992-09-08,1486
1992-09-15,1538
1992-09-22,1719.1
1992-09-29,1805.3
1992-10-06,2221.6
1992-10-13,2348.9
1992-10-20,2475.4
1992-10-27,2315.1
1992-11-03,2120.7
1992-11-10,2093
1992-11-17,1622.6
1992-11-24,1488
1992-12-01,1580.9
1992-12-08,1461
1992-12-15,1460.3
1992-12-22,1394.6
1992-12-29,1065.7
1992-12-31,231
1993-01-07,766.7
1993-01-14,623.9
1993-01-21,710
1993-01-28,1091.1
1993-02-04,1544.3
1993-02-11,2050.4
1993-02-18,2187
1993-02-25,2111.3
1993-03-04,2021.6
1993-03-11,2050
1993-03-18,2052.7
1993-03-25,2150.3
1993-04-01,2044.1
1993-04-08,1988.6
1993-04-15,1871
1993-04-22,1938
1993-04-29,1878.3
1993-05-06,1761.1
1993-05-13,1704
1993-05-20,1567.6
1993-05-27,1349.6
1993-06-03,1135.3
1993-06-10,1045.3
1993-06-17,1319.1
1993-06-24,1628.4
1993-07-01,1301.6
1993-07-08,1529
1993-07-15,1505.4
1993-07-22,1507.9
1993-07-29,1354.9
1993-08-05,1214.3
1993-08-12,1129.2
1993-08-19,1037
1993-08-26,771.7
1993-09-02,443.4
1993-09-09,595.5
1993-09-16,1040.5
1993-09-23,877.6
1993-09-30,931
1993-10-07,947
1993-10-14,1377
1993-10-21,1997
1993-10-28,2057
1993-11-04,1917
1993-11-11,1771
1993-11-18,1778
1993-11-25,1608
1993-12-02,1294.6
1993-12-09,1220.5
1993-12-16,659.1
1993-12-23,429.5
1993-12-30,390.7
1993-12-31,51.4
1994-01-07,349.1
1994-01-14,331.5
1994-01-21,270.8
1994-01-28,255.1
1994-02-04,410.9
1994-02-11,439.1
1994-02-18,445.9
1994-02-25,337.8
1994-03-04,754.5
1994-03-11,1223.6
1994-03-18,1140.5
1994-03-25,842.8
1994-04-01,642.8
1994-04-08,607.4
1994-04-15,578.7
1994-04-22,524.7
1994-04-29,500.5
1994-05-06,529.8
1994-05-13,588.7
1994-05-20,572.8
1994-05-27,486.2
1994-06-03,337.6
1994-06-10,324.4
1994-06-17,376
1994-06-24,550.1
1994-07-01,961.6
1994-07-08,1409
1994-07-15,1430.3
1994-07-22,1410.3
1994-07-29,1279.2
1994-08-05,1277.1
1994-08-12,1203.2
1994-08-19,920.1
1994-08-26,1260.4
1994-09-02,1077
1994-09-09,997.1
1994-09-16,1078.7
1994-09-23,1287.9
1994-09-30,1474.1
1994-10-07,2134.9
1994-10-14,2570
1994-10-21,2731.4
1994-10-28,2717.1
1994-11-04,2971.4
1994-11-11,2802.9
1994-11-18,3051.4
1994-11-25,3920
1994-12-02,3815.1
1994-12-09,3818.3
1994-12-16,3907.1
1994-12-23,4238.9
1994-12-30,4510.5
1994-12-31,624.4
1995-01-07,4318.2
1995-01-14,4073.9
1995-01-21,3694.1
1995-01-28,3271.8
1995-02-04,2980
1995-02-11,2800
1995-02-18,2531.4
1995-02-25,2397.1
1995-03-04,2131.9
1995-03-11,2027
1995-03-18,2041.6
1995-03-25,2083.9
1995-04-01,1918.1
1995-04-08,1779.3
1995-04-15,1600.8
1995-04-22,1305.7
1995-04-29,1088.5
1995-05-06,1050.4
1995-05-13,1039.6
1995-05-20,954.8
1995-05-27,976
1995-06-03,769.5
1995-06-10,726.2
1995-06-17,746.9
1995-06-24,700.9
1995-07-01,863.3
1995-07-08,983.6
1995-07-15,961.7
1995-07-22,1030.6
1995-07-29,1021.9
1995-08-05,912
1995-08-12,1145.9
1995-08-19,1428.7
1995-08-26,1680.7
1995-09-02,1953.6
1995-09-09,2297.1
1995-09-16,2581.4
1995-09-23,2748.6
1995-09-30,2858.6
1995-10-07,2898.6
1995-10-14,3028.8
1995-10-21,3423.9
1995-10-28,3503.2
1995-11-04,3365
1995-11-11,3203.2
1995-11-18,2994.3
1995-11-25,2742.9
1995-12-02,2585.7
1995-12-09,2444.3
1995-12-16,2205.6
1995-12-23,1981.6
1995-12-30,1808.7
1995-12-31,239.1
1996-01-07,1671.3
1996-01-14,1617.9
1996-01-21,1495.7
1996-01-28,1434.3
1996-02-04,1332.8
1996-02-11,916.8
1996-02-18,557.7
1996-02-25,485.7
1996-03-03,442.4
1996-03-10,416.8
1996-03-17,416.9
1996-03-24,404
1996-03-31,416.6
1996-04-07,393.2
1996-04-14,360
1996-04-21,393.8
1996-04-28,451.7
1996-05-05,440.3
1996-05-12,385.1
1996-05-19,477.8
1996-05-26,324.4
1996-06-02,311.8
1996-06-09,488.9
1996-06-16,749.7
1996-06-23,1086.6
1996-06-30,1164.6
1996-07-07,1156.7
1996-07-14,1089
1996-07-21,1139.9
1996-07-28,1492.2
1996-08-04,1552.8
1996-08-11,1546.5
1996-08-18,1491.3
1996-08-25,1577.8
1996-09-01,1847.3
1996-09-08,1537.1
1996-09-15,1303.5
1996-09-22,1088.9
1996-09-29,1020.4
1996-10-06,994.1
1996-10-13,1162.6
1996-10-20,1355.9
1996-10-27,1342.7
1996-11-03,1322
1996-11-10,1349.3
1996-11-17,1360.1
1996-11-24,1590
1996-12-01,1504.9
1996-12-08,1357.3
1996-12-15,988.1
1996-12-22,504.6
1996-12-29,413.4
1996-12-31,115.5
1997-01-07,306.6
1997-01-14,277.6
1997-01-21,253.2
1997-01-28,288.9
1997-02-04,295.4
1997-02-11,291.3
1997-02-18,259
1997-02-25,205
1997-03-04,196.4
1997-03-11,216.2
1997-03-18,212.7
1997-03-25,210.6
1997-04-01,309.2
1997-04-08,319.5
1997-04-15,266.3
1997-04-22,272.1
1997-04-29,394.4
1997-05-06,397.1
1997-05-13,480.3
1997-05-20,559.7
1997-05-27,521.4
1997-06-03,537.1
1997-06-10,577.7
1997-06-17,619.1
1997-06-24,850.9
1997-07-01,840.1
1997-07-08,1011.7
1997-07-15,1310.3
1997-07-22,1336.6
1997-07-29,1215
1997-08-05,1281.9
1997-08-12,1566.8
1997-08-19,1507.7
1997-08-26,1465
1997-09-02,1456.1
1997-09-09,1474.1
1997-09-16,1541.1
1997-09-23,1499
1997-09-30,1453.9
1997-10-07,1579.1
1997-10-14,1425.1
1997-10-21,1302.1
1997-10-28,1154
1997-11-04,1133.3
1997-11-11,1271
1997-11-18,1478.3
1997-11-25,1005.3
1997-12-02,653.1
1997-12-09,183.6
1997-12-16,1130.6
1997-12-23,682.3
1997-12-30,1061.7
1997-12-31,153.9
1998-01-07,1076.1
1998-01-14,1102.4
1998-01-21,1349.5
1998-01-28,1356.5
1998-02-04,1247
1998-02-11,1036.1
1998-02-18,996.9
1998-02-25,1095.3
1998-03-04,1100.9
1998-03-11,1151.7
1998-03-18,1145.7
1998-03-25,1081.7
1998-04-01,1087.2
1998-04-08,1447.5
1998-04-15,1741.7
1998-04-22,1869.5
1998-04-29,1580.3
1998-05-06,1504.2
1998-05-13,1404.4
1998-05-20,1141.9
1998-05-27,688.1
1998-06-03,622
1998-06-10,297.4
1998-06-17,212.8
1998-06-24,91.5
1998-07-01,0
1998-07-08,0
1998-07-15,0
1998-07-22,0
1998-07-29,53.6
1998-08-05,502.3
1998-08-12,255.1
1998-08-19,620.8
1998-08-26,765.2
1998-09-02,774.9
1998-09-09,719.1
1998-09-16,392
1998-09-23,452.7
1998-09-30,933.7
1998-10-07,1003
1998-10-14,1151.4
1998-10-21,1247.7
1998-10-28,1381.8
1998-11-04,1346.7
1998-11-11,1328.9
1998-11-18,1303.6
1998-11-25,1336.6
1998-12-02,1491.3
1998-12-09,1659.7
1998-12-16,1921.8
1998-12-23,1584.9
1998-12-30,1408.5
1998-12-31,160
1999-01-07,1005.5
1999-01-14,764.1
1999-01-21,811.8
1999-01-28,887.5
1999-02-04,862.2
1999-02-11,860.3
1999-02-18,767
1999-02-25,1119.7
1999-03-04,676.8
1999-03-11,680.9
1999-03-18,1010.1
1999-03-25,939.6
1999-04-01,667.9
1999-04-08,304.6
1999-04-15,513.7
1999-04-22,576.1
1999-04-29,536.2
1999-05-06,99.4
1999-05-13,91.7
1999-05-20,0
1999-05-27,4.1
1999-06-03,13.1
1999-06-10,0.1
1999-06-17,54.6
1999-06-24,282.9
1999-07-01,866.6
1999-07-08,999.3
1999-07-15,1106.9
1999-07-22,1270.5
1999-07-29,1351.9
1999-08-05,1250.3
1999-08-12,1072.3
1999-08-19,1035.3
1999-08-26,1145.6
1999-09-02,1189.1
1999-09-09,1253
1999-09-16,1339.3
1999-09-23,1396.1
1999-09-30,1507.4
1999-10-07,1552
1999-10-14,1791.4
1999-10-21,3028.6
1999-10-28,3463.2
1999-11-04,3683.3
1999-11-11,3807.6
1999-11-18,3579.5
1999-11-25,3136.2
1999-12-02,2798.6
1999-12-09,2310
1999-12-16,1948.7
1999-12-23,1844.3
1999-12-30,1813.7
1999-12-31,260.7
2000-01-07,1858.9
2000-01-14,1854.5
2000-01-21,2226.8
2000-01-28,2128.4
2000-02-04,2030.7
2000-02-11,1907.9
2000-02-18,1398
2000-02-25,958.8
2000-03-03,950.2
2000-03-10,397.2
2000-03-17,319.4
2000-03-24,231
2000-03-31,207.6
2000-04-07,336.3
2000-04-14,301.4
2000-04-21,564.1
2000-04-28,810.9
2000-05-05,781.9
2000-05-12,345.2
2000-05-19,240.9
2000-05-26,272
2000-06-02,229.8
2000-06-09,74.2
2000-06-16,195.3
2000-06-23,364.8
2000-06-30,242.5
2000-07-07,253.2
2000-07-14,262.3
2000-07-21,135.8
2000-07-28,60.5
2000-08-04,86.2
2000-08-11,189.1
2000-08-18,476.2
2000-08-25,658.4
2000-09-01,363.7
2000-09-08,165.4
2000-09-15,115.9
2000-09-22,174.9
2000-09-29,403
2000-10-06,673.4
2000-10-13,1071.4
2000-10-20,1165
2000-10-27,1118.9
2000-11-03,1091.3
2000-11-10,1101.4
2000-11-17,894.8
2000-11-24,676.9
2000-12-01,502.2
2000-12-08,366.6
2000-12-15,296.1
2000-12-22,224.1
2000-12-29,189.8
2000-12-31,52.7
2001-01-07,182.3
2001-01-14,162.3
2001-01-21,106.2
2001-01-28,61
2001-02-04,46.9
2001-02-11,45.5
2001-02-18,2.6
2001-02-25,0
2001-03-04,0
2001-03-11,0
2001-03-18,0
2001-03-25,0
2001-04-01,0
2001-04-08,24
2001-04-15,77.2
2001-04-22,65.8
2001-04-29,4.3
2001-05-06,0
2001-05-13,0
2001-05-20,0
2001-05-27,0
2001-06-03,0
2001-06-10,0
2001-06-17,52.6
2001-06-24,73.7
2001-07-01,14.6
2001-07-08,0
2001-07-15,0
2001-07-22,0
2001-07-29,41.7
2001-08-05,881.9
2001-08-12,1835.7
2001-08-19,2087.8
2001-08-26,2118
2001-09-02,2034.5
2001-09-09,1358.6
2001-09-16,1102.2
2001-09-23,1196
2001-09-30,1313.4
2001-10-07,1603.4
2001-10-14,1643.7
2001-10-21,1698.7
2001-10-28,1962
2001-11-04,1887
2001-11-11,2071.4
2001-11-18,2006.6
2001-11-25,1918.7
2001-12-02,1823.7
2001-12-09,2562.7
2001-12-16,1782
2001-12-23,930.6
2001-12-30,567.5
2001-12-31,66.6
2002-01-07,447.4
2002-01-14,426.7
2002-01-21,423
2002-01-28,416.5
2002-02-04,319.9
2002-02-11,403.7
2002-02-18,614.1
2002-02-25,833
2002-03-04,1090.3
2002-03-11,1147.2
2002-03-18,1148.9
2002-03-25,1086.6
2002-04-01,1021.1
2002-04-08,646.4
2002-04-15,397
2002-04-22,238.7
2002-04-29,182.5
2002-05-06,145.6
2002-05-13,128.1
2002-05-20,30.9
2002-05-27,0
2002-06-03,0
2002-06-10,0
2002-06-17,0
2002-06-24,4.7
2002-07-01,575
2002-07-08,1034.1
2002-07-15,1183.6
2002-07-22,1284.9
2002-07-29,1442.3
2002-08-05,1597
2002-08-12,1968
2002-08-19,2003.2
2002-08-26,2482.2
2002-09-02,1778.7
2002-09-09,1683.3
2002-09-16,1746.2
2002-09-23,1591.4
2002-09-30,1527.3
2002-10-07,1435.3
2002-10-14,1296.8
2002-10-21,1271.6
2002-10-28,1206.6
2002-11-04,1232.1
2002-11-11,717.9
2002-11-18,414.8
2002-11-25,277.6
2002-12-02,272.6
2002-12-09,296.9
2002-12-16,177.8
2002-12-23,306.4
2002-12-30,613.2
2002-12-31,101.8
2003-01-07,783.6
2003-01-14,911.4
2003-01-21,938.9
2003-01-28,915
2003-02-04,894.8
2003-02-11,1064.4
2003-02-18,821.8
2003-02-25,691.3
2003-03-04,675.7
2003-03-11,605.8
2003-03-18,557.3
2003-03-25,709.8
2003-04-01,471.5
2003-04-08,1063.3
2003-04-15,1011.5
2003-04-22,437
2003-04-29,388.9
2003-05-06,448
2003-05-13,776.7
2003-05-20,880.6
2003-05-27,787.8
2003-06-03,423.5
2003-06-10,553.5
2003-06-17,511.8
2003-06-24,568.1
2003-07-01,1090.6
2003-07-08,1370.7
2003-07-15,1482.4
2003-07-22,1673
2003-07-29,1621.2
2003-08-05,1598.8
2003-08-12,1386
2003-08-19,1274.1
2003-08-26,1381.5
2003-09-02,1461.9
2003-09-09,1576
2003-09-16,1674.4
2003-09-23,1719.4
2003-09-30,2024.3
2003-10-07,2253.4
2003-10-14,1975
2003-10-21,1585.9
2003-10-28,1797.7
2003-11-04,2008.5
2003-11-11,1953
2003-11-18,2071.6
2003-11-25,2039.5
2003-12-02,1778.1
2003-12-09,1907.3
2003-12-16,1735.5
2003-12-23,1505.6
2003-12-30,1166.8
2003-12-31,161.6
2004-01-07,1047.1
2004-01-14,413
2004-01-21,243.5
2004-01-28,161.3
2004-02-04,152.9
2004-02-11,400.6
2004-02-18,610.8
2004-02-25,759.3
2004-03-03,748.8
2004-03-10,827.2
2004-03-17,830.9
2004-03-24,471.6
2004-03-31,394.3
2004-04-07,343.3
2004-04-14,306.9
2004-04-21,352.3
2004-04-28,221.2
2004-05-05,219.7
2004-05-12,213.2
2004-05-19,150.2
2004-05-26,121.3
2004-06-02,0
2004-06-09,0
2004-06-16,0
2004-06-23,0
2004-06-30,0.2
2004-07-07,0
2004-07-14,0
2004-07-21,0
2004-07-28,0
2004-08-04,17.3
2004-08-11,103.6
2004-08-18,416.4
2004-08-25,503.2
2004-09-01,1007.1
2004-09-08,1140.9
2004-09-15,1311.3
2004-09-22,1584.4
2004-09-29,1874.1
2004-10-06,1994.9
2004-10-13,2095.8
2004-10-20,2295.2
2004-10-27,2337.8
2004-11-03,2561.1
2004-11-10,2427.1
2004-11-17,1863.4
2004-11-24,1987.9
2004-12-01,1823.9
2004-12-08,1903.6
2004-12-15,1854.6
2004-12-22,670.9
2004-12-29,445.1
2004-12-31,81.1
2005-01-07,201.9
2005-01-14,0
2005-01-21,0
2005-01-28,71.8
2005-02-04,400.9
2005-02-11,480.2
2005-02-18,440.8
2005-02-25,392.9
2005-03-04,388.9
2005-03-11,387
2005-03-18,385.9
2005-03-25,475.3
2005-04-01,675.4
2005-04-08,978.5
2005-04-15,1017.7
2005-04-22,948.9
2005-04-29,654.6
2005-05-06,463.8
2005-05-13,717.6
2005-05-20,989.7
2005-05-27,748.7
2005-06-03,678
2005-06-10,932.2
2005-06-17,1018.2
2005-06-24,1002.9
2005-07-01,1254.7
2005-07-08,1667.6
2005-07-15,2302.9
2005-07-22,2589.9
2005-07-29,2686.8
2005-08-05,2787.3
2005-08-12,2528
2005-08-19,2609.5
2005-08-26,2444.9
2005-09-02,2556.9
2005-09-09,2356.1
2005-09-16,2298.2
2005-09-23,2127.6
2005-09-30,2107.8
2005-10-07,2154.2
2005-10-14,2203.5
2005-10-21,2069.1
2005-10-28,2012.7
2005-11-04,2361.5
2005-11-11,2388.6
2005-11-18,2309.6
2005-11-25,2102.3
2005-12-02,2200.5
2005-12-09,2255.9
2005-12-16,2147.1
2005-12-23,1737.9
2005-12-30,1336.8
2005-12-31,184.1
